ocel_id;ocel_time
place_o1;2023-04-03 10:17:21
place_o2;2023-04-03 13:04:03
place_o3;2023-04-03 15:37:27
place_o4;2023-04-03 18:44:15
place_o5;2023-04-04 02:00:18
place_o6;2023-04-04 10:23:41
place_o7;2023-04-04 13:16:43
place_o8;2023-04-04 16:02:47
place_o9;2023-04-04 18:34:55
place_o10;2023-04-05 00:17:38
place_o11;2023-04-05 10:30:45
place_o12;2023-04-05 13:30:51
place_o13;2023-04-05 16:31:03
place_o14;2023-04-05 19:31:51
place_o15;2023-04-06 07:04:39
place_o16;2023-04-06 10:58:28
place_o17;2023-04-06 14:26:17
place_o18;2023-04-06 17:21:55
place_o19;2023-04-06 21:04:28
place_o20;2023-04-07 09:12:03
place_o21;2023-04-07 11:53:27
place_o22;2023-04-07 15:16:15
place_o23;2023-04-07 18:01:52
place_o24;2023-04-07 22:04:18
place_o25;2023-04-08 09:41:48
place_o26;2023-04-08 12:52:58
place_o27;2023-04-08 16:15:17
place_o28;2023-04-08 18:59:55
place_o29;2023-04-09 08:45:19
place_o30;2023-04-09 14:36:41
place_o31;2023-04-09 20:47:28
place_o32;2023-04-10 10:22:41
place_o33;2023-04-10 13:14:44
place_o34;2023-04-10 15:58:49
place_o35;2023-04-10 19:26:59
place_o36;2023-04-11 06:35:26
place_o37;2023-04-11 11:26:20
place_o38;2023-04-11 14:22:01
place_o39;2023-04-11 17:13:24
place_o40;2023-04-11 20:38:54
place_o41;2023-04-12 09:28:31
place_o42;2023-04-12 12:26:23
place_o43;2023-04-12 15:22:07
place_o44;2023-04-12 18:13:35
place_o45;2023-04-12 22:39:28
place_o46;2023-04-13 10:34:33
place_o47;2023-04-13 13:38:27
place_o48;2023-04-13 16:46:15
place_o49;2023-04-13 20:17:28
place_o50;2023-04-14 08:45:38
place_o51;2023-04-14 12:07:48
place_o52;2023-04-14 14:44:58
place_o53;2023-04-14 17:59:17
place_o54;2023-04-14 22:56:33
place_o55;2023-04-15 11:00:11
place_o56;2023-04-15 13:29:43
place_o57;2023-04-15 16:28:48
place_o58;2023-04-15 19:26:57
place_o59;2023-04-16 09:18:16
place_o60;2023-04-16 14:35:14
place_o61;2023-04-16 20:43:07
place_o62;2023-04-17 10:17:15
place_o63;2023-04-17 13:03:51
place_o64;2023-04-17 15:37:03
place_o65;2023-04-17 18:43:28
place_o66;2023-04-18 01:51:40
place_o67;2023-04-18 11:14:11
place_o68;2023-04-18 13:57:43
place_o69;2023-04-18 17:24:48
place_o70;2023-04-18 21:13:06
place_o71;2023-04-19 09:25:00
place_o72;2023-04-19 12:19:21
place_o73;2023-04-19 15:08:04
place_o74;2023-04-19 17:45:29
place_o75;2023-04-19 22:15:09
place_o76;2023-04-20 09:58:05
place_o77;2023-04-20 13:25:31
place_o78;2023-04-20 16:20:23
place_o79;2023-04-20 19:10:08
place_o80;2023-04-21 04:54:20
place_o81;2023-04-21 11:35:07
place_o82;2023-04-21 14:39:35
place_o83;2023-04-21 17:48:32
place_o84;2023-04-21 22:24:18
place_o85;2023-04-22 10:11:48
place_o86;2023-04-22 12:52:57
place_o87;2023-04-22 16:15:16
place_o88;2023-04-22 18:59:53
place_o89;2023-04-23 08:44:37
place_o90;2023-04-23 14:35:38
place_o91;2023-04-23 20:44:19
place_o92;2023-04-24 10:18:45
place_o93;2023-04-24 13:06:51
place_o94;2023-04-24 15:43:04
place_o95;2023-04-24 18:55:29
place_o96;2023-04-25 04:03:51
place_o97;2023-04-25 10:39:35
place_o98;2023-04-25 13:48:32
place_o99;2023-04-25 17:06:25
place_o100;2023-04-25 20:17:57
place_o101;2023-04-26 08:46:37
place_o102;2023-04-26 12:09:17
place_o103;2023-04-26 14:47:55
place_o104;2023-04-26 18:05:11
place_o105;2023-04-26 22:14:15
place_o106;2023-04-27 09:56:44
place_o107;2023-04-27 13:22:49
place_o108;2023-04-27 16:15:00
place_o109;2023-04-27 18:59:21
place_o110;2023-04-28 04:46:23
place_o111;2023-04-28 11:26:23
place_o112;2023-04-28 14:22:07
place_o113;2023-04-28 17:13:35
place_o114;2023-04-28 20:39:27
place_o115;2023-04-29 09:29:37
place_o116;2023-04-29 12:28:35
place_o117;2023-04-29 15:26:31
place_o118;2023-04-29 18:22:24
place_o119;2023-04-29 23:05:54
place_o120;2023-04-30 12:35:47
place_o121;2023-04-30 18:10:17
place_o122;2023-05-01 08:37:16
place_o123;2023-05-01 11:55:15
place_o124;2023-05-01 15:19:52
place_o125;2023-05-01 18:09:05
place_o126;2023-05-01 22:25:57
place_o127;2023-05-02 10:14:17
place_o128;2023-05-02 12:57:55
place_o129;2023-05-02 16:25:11
place_o130;2023-05-02 19:19:44
place_o131;2023-05-03 05:51:56
place_o132;2023-05-03 11:38:29
place_o133;2023-05-03 14:46:19
place_o134;2023-05-03 18:01:59
place_o135;2023-05-03 22:04:40
place_o136;2023-05-04 09:42:21
place_o137;2023-05-04 12:54:03
place_o138;2023-05-04 16:17:27
place_o139;2023-05-04 19:04:16
place_o140;2023-05-05 04:19:08
place_o141;2023-05-05 10:56:24
place_o142;2023-05-05 14:22:09
place_o143;2023-05-05 17:13:39
place_o144;2023-05-05 20:39:40
place_o145;2023-05-06 09:30:02
place_o146;2023-05-06 12:29:25
place_o147;2023-05-06 15:28:12
place_o148;2023-05-06 18:25:45
place_o149;2023-05-06 23:15:57
place_o150;2023-05-07 12:47:51
place_o151;2023-05-07 18:34:25
place_o152;2023-05-08 09:25:32
place_o153;2023-05-08 12:20:25
place_o154;2023-05-08 15:10:11
place_o155;2023-05-08 17:49:44
place_o156;2023-05-08 22:27:54
place_o157;2023-05-09 10:17:12
place_o158;2023-05-09 13:03:46
place_o159;2023-05-09 15:36:53
place_o160;2023-05-09 18:43:07
place_o161;2023-05-10 01:47:49
place_o162;2023-05-10 11:09:57
place_o163;2023-05-10 13:49:16
place_o164;2023-05-10 17:07:53
place_o165;2023-05-10 20:22:21
place_o166;2023-05-11 08:55:25
place_o167;2023-05-11 12:22:28
place_o168;2023-05-11 15:14:18
place_o169;2023-05-11 17:57:57
place_o170;2023-05-11 22:52:33
place_o171;2023-05-12 10:54:11
place_o172;2023-05-12 14:17:43
place_o173;2023-05-12 17:04:47
place_o174;2023-05-12 20:13:04
place_o175;2023-05-13 08:36:50
place_o176;2023-05-13 11:54:37
place_o177;2023-05-13 15:18:35
place_o178;2023-05-13 18:06:31
place_o179;2023-05-13 22:18:15
place_o180;2023-05-14 12:05:13
place_o181;2023-05-14 17:09:08
place_o182;2023-05-15 05:18:21
place_o183;2023-05-15 11:01:32
place_o184;2023-05-15 13:32:25
place_o185;2023-05-15 16:34:11
place_o186;2023-05-15 19:41:16
place_o187;2023-05-16 08:01:08
place_o188;2023-05-16 11:01:03
place_o189;2023-05-16 13:31:27
place_o190;2023-05-16 16:32:16
place_o191;2023-05-16 19:35:30
place_o192;2023-05-17 07:26:32
place_o193;2023-05-17 11:22:33
place_o194;2023-05-17 14:14:27
place_o195;2023-05-17 16:58:15
place_o196;2023-05-17 20:53:28
place_o197;2023-05-18 09:55:33
place_o198;2023-05-18 13:20:27
place_o199;2023-05-18 16:10:15
place_o200;2023-05-18 18:49:52
place_o201;2023-05-19 03:02:04
place_o202;2023-05-19 10:31:37
place_o203;2023-05-19 13:32:36
place_o204;2023-05-19 16:34:33
place_o205;2023-05-19 19:42:21
place_o206;2023-05-20 08:07:39
place_o207;2023-05-20 11:10:49
place_o208;2023-05-20 13:51:00
place_o209;2023-05-20 17:11:21
place_o210;2023-05-20 20:32:45
place_o211;2023-05-21 10:34:13
place_o212;2023-05-21 16:07:08
place_o213;2023-05-22 00:05:33
place_o214;2023-05-22 10:17:27
place_o215;2023-05-22 13:04:15
place_o216;2023-05-22 15:37:52
place_o217;2023-05-22 18:45:05
place_o218;2023-05-23 02:09:27
place_o219;2023-05-23 10:33:45
place_o220;2023-05-23 13:36:51
place_o221;2023-05-23 16:43:03
place_o222;2023-05-23 20:07:52
place_o223;2023-05-24 08:26:26
place_o224;2023-05-24 11:39:00
place_o225;2023-05-24 14:47:22
place_o226;2023-05-24 18:04:05
place_o227;2023-05-24 22:10:57
place_o228;2023-05-25 09:51:47
place_o229;2023-05-25 13:12:55
place_o230;2023-05-25 15:55:12
place_o231;2023-05-25 19:19:45
place_o232;2023-05-26 05:52:02
place_o233;2023-05-26 11:38:35
place_o234;2023-05-26 14:46:32
place_o235;2023-05-26 18:02:25
place_o236;2023-05-26 22:05:57
place_o237;2023-05-27 09:44:17
place_o238;2023-05-27 12:57:55
place_o239;2023-05-27 16:25:11
place_o240;2023-05-27 19:19:44
place_o241;2023-05-28 08:56:37
place_o242;2023-05-28 14:53:38
place_o243;2023-05-28 21:38:18
place_o244;2023-05-29 10:26:14
place_o245;2023-05-29 13:21:49
place_o246;2023-05-29 16:13:00
place_o247;2023-05-29 18:55:21
place_o248;2023-05-30 04:02:23
place_o249;2023-05-30 10:37:59
place_o250;2023-05-30 13:45:19
place_o251;2023-05-30 16:59:59
place_o252;2023-05-30 20:58:39
place_o253;2023-05-31 10:03:20
place_o254;2023-05-31 12:36:01
place_o255;2023-05-31 15:41:24
place_o256;2023-05-31 18:52:09
place_o257;2023-06-01 03:27:11
place_o258;2023-06-01 10:59:15
place_o259;2023-06-01 14:27:52
place_o260;2023-06-01 17:25:05
place_o261;2023-06-01 21:13:57
place_o262;2023-06-02 09:26:17
place_o263;2023-06-02 12:21:55
place_o264;2023-06-02 15:13:11
place_o265;2023-06-02 17:55:44
place_o266;2023-06-02 22:45:54
place_o267;2023-06-03 10:44:12
place_o268;2023-06-03 13:57:46
place_o269;2023-06-03 17:24:53
place_o270;2023-06-03 21:13:21
place_o271;2023-06-04 10:55:25
place_o272;2023-06-04 16:49:32
place_o273;2023-06-05 04:20:44
place_o274;2023-06-05 10:58:10
place_o275;2023-06-05 14:25:41
place_o276;2023-06-05 17:20:43
place_o277;2023-06-05 21:00:52
place_o278;2023-06-06 09:06:39
place_o279;2023-06-06 11:42:39
place_o280;2023-06-06 14:54:40
place_o281;2023-06-06 18:18:41
place_o282;2023-06-06 22:54:45
place_o283;2023-06-07 10:57:29
place_o284;2023-06-07 14:24:19
place_o285;2023-06-07 17:17:59
place_o286;2023-06-07 20:52:40
place_o287;2023-06-08 09:54:21
place_o288;2023-06-08 13:18:03
place_o289;2023-06-08 16:05:28
place_o290;2023-06-08 18:40:17
place_o291;2023-06-09 01:16:39
place_o292;2023-06-09 10:35:40
place_o293;2023-06-09 13:40:41
place_o294;2023-06-09 16:50:44
place_o295;2023-06-09 20:30:54
place_o296;2023-06-10 09:12:30
place_o297;2023-06-10 11:54:22
place_o298;2023-06-10 15:18:05
place_o299;2023-06-10 18:05:31
place_o300;2023-06-10 22:15:16
place_o301;2023-06-11 11:59:14
place_o302;2023-06-11 17:57:10
place_o303;2023-06-12 09:11:03
place_o304;2023-06-12 11:51:27
place_o305;2023-06-12 15:12:15
place_o306;2023-06-12 17:53:52
place_o307;2023-06-12 22:40:18
place_o308;2023-06-13 10:35:48
place_o309;2023-06-13 13:40:57
place_o310;2023-06-13 16:51:16
place_o311;2023-06-13 20:32:30
place_o312;2023-06-14 09:15:43
place_o313;2023-06-14 12:00:47
place_o314;2023-06-14 14:30:55
place_o315;2023-06-14 17:31:11
place_o316;2023-06-14 21:32:16
place_o317;2023-06-15 09:53:45
place_o318;2023-06-15 13:16:51
place_o319;2023-06-15 16:03:03
place_o320;2023-06-15 18:35:28
place_o321;2023-06-16 00:23:40
place_o322;2023-06-16 10:37:23
place_o323;2023-06-16 13:44:07
place_o324;2023-06-16 16:57:36
place_o325;2023-06-16 20:51:30
place_o326;2023-06-17 09:52:36
place_o327;2023-06-17 13:14:33
place_o328;2023-06-17 15:58:28
place_o329;2023-06-17 19:26:17
place_o330;2023-06-18 09:16:16
place_o331;2023-06-18 14:31:14
place_o332;2023-06-18 20:31:07
place_o333;2023-06-19 10:02:15
place_o334;2023-06-19 12:33:51
place_o335;2023-06-19 15:37:04
place_o336;2023-06-19 18:43:29
place_o337;2023-06-20 01:51:51
place_o338;2023-06-20 11:14:23
place_o339;2023-06-20 13:58:08
place_o340;2023-06-20 17:25:37
place_o341;2023-06-20 21:15:33
place_o342;2023-06-21 09:28:41
place_o343;2023-06-21 12:26:43
place_o344;2023-06-21 15:22:47
place_o345;2023-06-21 18:14:56
place_o346;2023-06-21 22:43:30
place_o347;2023-06-22 10:40:36
place_o348;2023-06-22 13:50:33
place_o349;2023-06-22 17:10:28
place_o350;2023-06-22 20:30:06
place_o351;2023-06-23 09:10:55
place_o352;2023-06-23 11:51:11
place_o353;2023-06-23 15:11:43
place_o354;2023-06-23 17:52:47
place_o355;2023-06-23 22:37:04
place_o356;2023-06-24 10:30:57
place_o357;2023-06-24 13:31:15
place_o358;2023-06-24 16:31:51
place_o359;2023-06-24 19:34:16
place_o360;2023-06-25 09:37:14
place_o361;2023-06-25 15:13:11
place_o362;2023-06-25 21:36:58
place_o363;2023-06-26 10:24:33
place_o364;2023-06-26 13:18:28
place_o365;2023-06-26 16:06:17
place_o366;2023-06-26 18:41:55
place_o367;2023-06-27 01:34:37
place_o368;2023-06-27 10:55:26
place_o369;2023-06-27 14:20:13
place_o370;2023-06-27 17:09:48
place_o371;2023-06-27 20:28:06
place_o372;2023-06-28 09:06:55
place_o373;2023-06-28 11:43:11
place_o374;2023-06-28 14:55:43
place_o375;2023-06-28 18:20:47
place_o376;2023-06-28 23:01:04
place_o377;2023-06-29 10:06:31
place_o378;2023-06-29 12:42:23
place_o379;2023-06-29 15:54:08
place_o380;2023-06-29 19:17:37
place_o381;2023-06-30 05:39:14
place_o382;2023-06-30 11:24:31
place_o383;2023-06-30 14:18:23
place_o384;2023-06-30 17:06:07
place_o385;2023-06-30 20:17:04
place_o386;2023-07-01 08:44:50
place_o387;2023-07-01 12:06:36
place_o388;2023-07-01 14:42:34
place_o389;2023-07-01 17:54:29
place_o390;2023-07-01 22:42:09
place_o391;2023-07-02 12:53:01
place_o392;2023-07-02 18:44:44
place_o393;2023-07-03 09:45:27
place_o394;2023-07-03 13:00:16
place_o395;2023-07-03 15:29:53
place_o396;2023-07-03 18:29:07
place_o397;2023-07-03 23:26:03
place_o398;2023-07-04 10:34:01
place_o399;2023-07-04 13:37:23
place_o400;2023-07-04 16:44:07
place_o401;2023-07-04 20:11:04
place_o402;2023-07-05 08:32:50
place_o403;2023-07-05 11:48:37
place_o404;2023-07-05 15:06:35
place_o405;2023-07-05 17:42:31
place_o406;2023-07-05 22:06:15
place_o407;2023-07-06 09:44:44
place_o408;2023-07-06 12:58:49
place_o409;2023-07-06 16:27:00
place_o410;2023-07-06 19:23:21
place_o411;2023-07-07 06:13:38
place_o412;2023-07-07 11:02:21
place_o413;2023-07-07 13:34:03
place_o414;2023-07-07 16:37:28
place_o415;2023-07-07 19:51:06
place_o416;2023-07-08 08:52:54
place_o417;2023-07-08 12:18:43
place_o418;2023-07-08 15:06:47
place_o419;2023-07-08 17:42:55
place_o420;2023-07-08 22:07:28
place_o421;2023-07-09 11:43:38
place_o422;2023-07-09 17:25:58
place_o423;2023-07-10 06:59:21
place_o424;2023-07-10 11:52:38
place_o425;2023-07-10 15:14:37
place_o426;2023-07-10 17:58:35
place_o427;2023-07-10 22:54:28
place_o428;2023-07-11 10:57:03
place_o429;2023-07-11 14:23:27
place_o430;2023-07-11 17:16:16
place_o431;2023-07-11 20:47:30
place_o432;2023-07-12 09:45:42
place_o433;2023-07-12 13:00:46
place_o434;2023-07-12 15:30:53
place_o435;2023-07-12 18:31:07
place_o436;2023-07-12 23:35:49
place_o437;2023-07-13 10:44:45
place_o438;2023-07-13 13:58:52
place_o439;2023-07-13 17:27:05
place_o440;2023-07-13 21:19:57
place_o441;2023-07-14 09:35:17
place_o442;2023-07-14 12:39:55
place_o443;2023-07-14 15:49:12
place_o444;2023-07-14 19:07:45
place_o445;2023-07-15 04:40:02
place_o446;2023-07-15 11:19:23
place_o447;2023-07-15 14:08:08
place_o448;2023-07-15 16:45:37
place_o449;2023-07-15 20:15:33
place_o450;2023-07-16 09:59:49
place_o451;2023-07-16 15:58:20
place_o452;2023-07-16 23:52:25
place_o453;2023-07-17 11:03:24
place_o454;2023-07-17 13:36:09
place_o455;2023-07-17 16:41:39
place_o456;2023-07-17 20:03:39
place_o457;2023-07-18 08:18:01
place_o458;2023-07-18 11:26:23
place_o459;2023-07-18 14:22:07
place_o460;2023-07-18 17:13:35
place_o461;2023-07-18 20:39:28
place_o462;2023-07-19 09:29:38
place_o463;2023-07-19 12:28:37
place_o464;2023-07-19 15:26:35
place_o465;2023-07-19 18:22:32
place_o466;2023-07-19 23:06:18
place_o467;2023-07-20 10:12:17
place_o468;2023-07-20 12:53:55
place_o469;2023-07-20 16:17:12
place_o470;2023-07-20 19:03:45
place_o471;2023-07-21 04:16:02
place_o472;2023-07-21 10:52:59
place_o473;2023-07-21 14:15:20
place_o474;2023-07-21 17:00:01
place_o475;2023-07-21 19:58:45
place_o476;2023-07-22 09:08:13
place_o477;2023-07-22 11:45:47
place_o478;2023-07-22 15:00:55
place_o479;2023-07-22 17:31:11
place_o480;2023-07-22 21:32:16
place_o481;2023-07-23 11:33:14
place_o482;2023-07-23 17:05:11
place_o483;2023-07-24 04:54:38
place_o484;2023-07-24 11:35:27
place_o485;2023-07-24 14:40:15
place_o486;2023-07-24 17:49:52
place_o487;2023-07-24 22:28:18
place_o488;2023-07-25 10:17:48
place_o489;2023-07-25 13:04:57
place_o490;2023-07-25 15:39:16
place_o491;2023-07-25 18:47:53
place_o492;2023-07-26 02:40:15
place_o493;2023-07-26 11:07:38
place_o494;2023-07-26 13:44:37
place_o495;2023-07-26 16:58:35
place_o496;2023-07-26 20:54:28
place_o497;2023-07-27 09:57:03
place_o498;2023-07-27 13:23:27
place_o499;2023-07-27 16:16:15
place_o500;2023-07-27 19:01:52
place_o501;2023-07-28 04:04:44
place_o502;2023-07-28 10:40:33
place_o503;2023-07-28 13:50:28
place_o504;2023-07-28 17:10:17
place_o505;2023-07-28 20:29:33
place_o506;2023-07-29 09:09:49
place_o507;2023-07-29 11:48:59
place_o508;2023-07-29 15:07:19
place_o509;2023-07-29 17:43:59
place_o510;2023-07-29 22:10:40
place_o511;2023-07-30 11:50:02
place_o512;2023-07-30 17:38:47
place_o513;2023-07-31 08:16:14
place_o514;2023-07-31 11:23:42
place_o515;2023-07-31 14:16:45
place_o516;2023-07-31 17:02:52
place_o517;2023-07-31 20:07:18
place_o518;2023-08-01 08:25:19
place_o519;2023-08-01 11:37:19
place_o520;2023-08-01 14:44:00
place_o521;2023-08-01 17:57:21
place_o522;2023-08-01 22:50:45
place_o523;2023-08-02 10:51:29
place_o524;2023-08-02 14:12:19
place_o525;2023-08-02 16:53:59
place_o526;2023-08-02 20:40:40
place_o527;2023-08-03 09:32:02
place_o528;2023-08-03 12:33:25
place_o529;2023-08-03 15:36:12
place_o530;2023-08-03 18:41:45
place_o531;2023-08-04 01:32:47
place_o532;2023-08-04 10:53:25
place_o533;2023-08-04 14:16:11
place_o534;2023-08-04 17:01:44
place_o535;2023-08-04 20:03:54
place_o536;2023-08-05 08:18:30
place_o537;2023-08-05 11:27:07
place_o538;2023-08-05 14:23:35
place_o539;2023-08-05 17:16:31
place_o540;2023-08-05 20:48:16
place_o541;2023-08-06 11:05:14
place_o542;2023-08-06 16:09:10
place_o543;2023-08-07 00:18:33
place_o544;2023-08-07 10:31:45
place_o545;2023-08-07 13:32:51
place_o546;2023-08-07 16:35:04
place_o547;2023-08-07 19:43:54
place_o548;2023-08-08 08:16:56
place_o549;2023-08-08 11:24:46
place_o550;2023-08-08 14:18:53
place_o551;2023-08-08 17:07:07
place_o552;2023-08-08 20:20:03
place_o553;2023-08-09 08:50:49
place_o554;2023-08-09 12:15:35
place_o555;2023-08-09 15:00:31
place_o556;2023-08-09 17:30:23
place_o557;2023-08-09 21:29:52
place_o558;2023-08-10 09:50:09
place_o559;2023-08-10 13:09:39
place_o560;2023-08-10 15:48:39
place_o561;2023-08-10 19:06:39
place_o562;2023-08-11 04:33:27
place_o563;2023-08-11 11:12:09
place_o564;2023-08-11 13:53:39
place_o565;2023-08-11 17:16:39
place_o566;2023-08-11 20:48:39
place_o567;2023-08-12 09:48:01
place_o568;2023-08-12 13:05:23
place_o569;2023-08-12 15:40:07
place_o570;2023-08-12 18:49:36
place_o571;2023-08-13 05:08:40
place_o572;2023-08-13 13:20:14
place_o573;2023-08-13 18:39:11
place_o574;2023-08-14 09:35:04
place_o575;2023-08-14 12:39:30
place_o576;2023-08-14 15:48:21
place_o577;2023-08-14 19:06:03
place_o578;2023-08-15 04:29:50
place_o579;2023-08-15 11:08:11
place_o580;2023-08-15 13:45:43
place_o581;2023-08-15 17:00:47
place_o582;2023-08-15 20:01:03
place_o583;2023-08-16 08:12:49
place_o584;2023-08-16 11:18:35
place_o585;2023-08-16 14:06:31
place_o586;2023-08-16 16:42:23
place_o587;2023-08-16 20:05:51
place_o588;2023-08-17 08:22:25
place_o589;2023-08-17 11:32:59
place_o590;2023-08-17 14:35:19
place_o591;2023-08-17 17:39:59
place_o592;2023-08-17 21:58:40
place_o593;2023-08-18 10:33:21
place_o594;2023-08-18 13:36:03
place_o595;2023-08-18 16:41:27
place_o596;2023-08-18 20:03:04
place_o597;2023-08-19 08:16:50
place_o598;2023-08-19 11:24:36
place_o599;2023-08-19 14:18:34
place_o600;2023-08-19 17:06:29
place_o601;2023-08-19 20:18:09
place_o602;2023-08-20 10:05:01
place_o603;2023-08-20 15:08:44
place_o604;2023-08-20 21:23:37
place_o605;2023-08-21 10:07:52
place_o606;2023-08-21 12:45:06
place_o607;2023-08-21 15:59:33
place_o608;2023-08-21 19:28:27
place_o609;2023-08-22 06:44:14
place_o610;2023-08-22 11:36:01
place_o611;2023-08-22 14:41:23
place_o612;2023-08-22 17:52:07
place_o613;2023-08-22 22:35:04
place_o614;2023-08-23 10:27:57
place_o615;2023-08-23 13:25:15
place_o616;2023-08-23 16:19:52
place_o617;2023-08-23 19:09:05
place_o618;2023-08-24 04:48:02
place_o619;2023-08-24 11:28:11
place_o620;2023-08-24 14:25:44
place_o621;2023-08-24 17:20:49
place_o622;2023-08-24 21:01:09
place_o623;2023-08-25 09:07:05
place_o624;2023-08-25 11:43:31
place_o625;2023-08-25 14:56:23
place_o626;2023-08-25 18:22:08
place_o627;2023-08-25 23:05:06
place_o628;2023-08-26 10:10:58
place_o629;2023-08-26 12:51:17
place_o630;2023-08-26 16:11:55
place_o631;2023-08-26 18:53:12
place_o632;2023-08-27 06:24:16
place_o633;2023-08-27 13:43:24
place_o634;2023-08-27 19:25:31
place_o635;2023-08-28 09:40:15
place_o636;2023-08-28 12:49:51
place_o637;2023-08-28 16:09:03
place_o638;2023-08-28 18:47:27
place_o639;2023-08-29 02:35:29
place_o640;2023-08-29 11:02:24
place_o641;2023-08-29 13:34:09
place_o642;2023-08-29 16:37:39
place_o643;2023-08-29 19:51:40
place_o644;2023-08-30 08:54:02
place_o645;2023-08-30 12:20:24
place_o646;2023-08-30 15:10:09
place_o647;2023-08-30 17:49:40
place_o648;2023-08-30 22:27:42
place_o649;2023-08-31 10:16:54
place_o650;2023-08-31 13:03:10
place_o651;2023-08-31 15:35:41
place_o652;2023-08-31 18:40:43
place_o653;2023-09-01 01:21:25
place_o654;2023-09-01 10:40:55
place_o655;2023-09-01 13:51:11
place_o656;2023-09-01 17:11:43
place_o657;2023-09-01 20:33:52
place_o658;2023-09-02 09:18:26
place_o659;2023-09-02 12:06:13
place_o660;2023-09-02 14:41:48
place_o661;2023-09-02 17:52:57
place_o662;2023-09-02 22:37:33
place_o663;2023-09-03 12:43:49
place_o664;2023-09-03 18:26:20
place_o665;2023-09-04 09:09:23
place_o666;2023-09-04 11:48:07
place_o667;2023-09-04 15:05:35
place_o668;2023-09-04 17:40:31
place_o669;2023-09-04 22:00:16
place_o670;2023-09-05 09:35:45
place_o671;2023-09-05 12:40:51
place_o672;2023-09-05 15:51:04
place_o673;2023-09-05 19:11:29
place_o674;2023-09-06 05:02:26
place_o675;2023-09-06 10:44:02
place_o676;2023-09-06 13:57:25
place_o677;2023-09-06 17:24:11
place_o678;2023-09-06 21:11:16
place_o679;2023-09-07 09:22:15
place_o680;2023-09-07 12:13:51
place_o681;2023-09-07 14:57:03
place_o682;2023-09-07 18:23:28
place_o683;2023-09-07 23:09:06
place_o684;2023-09-08 10:15:22
place_o685;2023-09-08 13:00:05
place_o686;2023-09-08 15:29:31
place_o687;2023-09-08 18:28:24
place_o688;2023-09-08 23:23:54
place_o689;2023-09-09 10:31:39
place_o690;2023-09-09 13:32:39
place_o691;2023-09-09 16:34:39
place_o692;2023-09-09 19:42:39
place_o693;2023-09-10 09:54:01
place_o694;2023-09-10 15:46:44
place_o695;2023-09-10 23:17:37
place_o696;2023-09-11 10:26:51
place_o697;2023-09-11 13:23:04
place_o698;2023-09-11 16:15:29
place_o699;2023-09-11 19:00:19
place_o700;2023-09-12 03:55:26
place_o701;2023-09-12 11:30:20
place_o702;2023-09-12 14:30:01
place_o703;2023-09-12 17:29:24
place_o704;2023-09-12 21:26:54
place_o705;2023-09-13 09:45:42
place_o706;2023-09-13 13:00:45
place_o707;2023-09-13 15:30:52
place_o708;2023-09-13 18:31:05
place_o709;2023-09-13 23:35:27
place_o710;2023-09-14 10:44:21
place_o711;2023-09-14 13:58:03
place_o712;2023-09-14 17:25:27
place_o713;2023-09-14 21:15:04
place_o714;2023-09-15 09:27:57
place_o715;2023-09-15 12:25:15
place_o716;2023-09-15 15:19:52
place_o717;2023-09-15 18:09:05
place_o718;2023-09-15 22:25:57
place_o719;2023-09-16 10:14:17
place_o720;2023-09-16 12:57:55
place_o721;2023-09-16 16:25:11
place_o722;2023-09-16 19:19:44
place_o723;2023-09-17 08:56:37
place_o724;2023-09-17 14:53:37
place_o725;2023-09-17 21:38:16
place_o726;2023-09-18 10:26:12
place_o727;2023-09-18 13:21:45
place_o728;2023-09-18 16:12:51
place_o729;2023-09-18 18:55:03
place_o730;2023-09-19 03:59:05
place_o731;2023-09-19 11:34:21
place_o732;2023-09-19 14:38:03
place_o733;2023-09-19 17:45:28
place_o734;2023-09-19 22:15:06
place_o735;2023-09-20 09:58:00
place_o736;2023-09-20 13:25:22
place_o737;2023-09-20 16:20:05
place_o738;2023-09-20 19:09:31
place_o739;2023-09-21 04:50:38
place_o740;2023-09-21 11:31:03
place_o741;2023-09-21 14:31:27
place_o742;2023-09-21 17:32:16
place_o743;2023-09-21 21:35:30
place_o744;2023-09-22 09:58:36
place_o745;2023-09-22 13:26:34
place_o746;2023-09-22 16:22:29
place_o747;2023-09-22 19:14:19
place_o748;2023-09-23 05:19:26
place_o749;2023-09-23 11:02:44
place_o750;2023-09-23 13:34:49
place_o751;2023-09-23 16:39:00
place_o752;2023-09-23 19:55:42
place_o753;2023-09-24 10:20:06
place_o754;2023-09-24 15:38:55
place_o755;2023-09-24 22:54:10
place_o756;2023-09-25 11:01:04
place_o757;2023-09-25 13:31:29
place_o758;2023-09-25 16:32:19
place_o759;2023-09-25 19:35:39
place_o760;2023-09-26 07:27:27
place_o761;2023-09-26 11:23:33
place_o762;2023-09-26 14:16:27
place_o763;2023-09-26 17:02:15
place_o764;2023-09-26 20:05:27
place_o765;2023-09-27 08:21:37
place_o766;2023-09-27 11:31:47
place_o767;2023-09-27 14:32:55
place_o768;2023-09-27 17:35:11
place_o769;2023-09-27 21:44:16
place_o770;2023-09-28 10:11:45
place_o771;2023-09-28 12:52:51
place_o772;2023-09-28 16:15:03
place_o773;2023-09-28 18:59:27
place_o774;2023-09-29 04:47:30
place_o775;2023-09-29 11:27:36
place_o776;2023-09-29 14:24:33
place_o777;2023-09-29 17:18:27
place_o778;2023-09-29 20:54:04
place_o779;2023-09-30 09:56:27
place_o780;2023-09-30 13:22:15
place_o781;2023-09-30 16:13:51
place_o782;2023-09-30 18:57:04
place_o783;2023-10-01 07:45:28
place_o784;2023-10-01 14:12:43
place_o785;2023-10-01 19:35:34
place_o786;2023-10-02 09:52:49
place_o787;2023-10-02 13:14:59
place_o788;2023-10-02 15:59:19
place_o789;2023-10-02 19:28:00
place_o790;2023-10-03 06:41:32
place_o791;2023-10-03 11:33:02
place_o792;2023-10-03 14:35:26
place_o793;2023-10-03 17:40:13
place_o794;2023-10-03 21:59:21
place_o795;2023-10-04 10:34:23
place_o796;2023-10-04 13:38:07
place_o797;2023-10-04 16:45:35
place_o798;2023-10-04 20:15:28
place_o799;2023-10-05 08:41:38
place_o800;2023-10-05 12:01:48
place_o801;2023-10-05 14:32:58
place_o802;2023-10-05 17:35:17
place_o803;2023-10-05 21:44:33
place_o804;2023-10-06 10:12:11
place_o805;2023-10-06 12:53:43
place_o806;2023-10-06 16:16:48
place_o807;2023-10-06 19:02:57
place_o808;2023-10-07 04:11:14
place_o809;2023-10-07 10:47:43
place_o810;2023-10-07 14:04:47
place_o811;2023-10-07 16:38:55
place_o812;2023-10-07 19:55:28
place_o813;2023-10-08 10:19:38
place_o814;2023-10-08 15:37:58
place_o815;2023-10-08 22:51:19
place_o816;2023-10-09 10:57:30
place_o817;2023-10-09 14:24:22
place_o818;2023-10-09 17:18:05
place_o819;2023-10-09 20:52:57
place_o820;2023-10-10 09:54:47
place_o821;2023-10-10 13:18:55
place_o822;2023-10-10 16:07:11
place_o823;2023-10-10 18:43:44
place_o824;2023-10-11 01:54:36
place_o825;2023-10-11 11:17:25
place_o826;2023-10-11 14:04:11
place_o827;2023-10-11 16:37:43
place_o828;2023-10-11 19:51:52
place_o829;2023-10-12 08:54:26
place_o830;2023-10-12 12:21:00
place_o831;2023-10-12 15:11:21
place_o832;2023-10-12 17:52:04
place_o833;2023-10-12 22:34:54
place_o834;2023-10-13 10:27:42
place_o835;2023-10-13 13:24:46
place_o836;2023-10-13 16:18:53
place_o837;2023-10-13 19:07:07
place_o838;2023-10-14 04:36:14
place_o839;2023-10-14 11:15:13
place_o840;2023-10-14 13:59:47
place_o841;2023-10-14 17:28:55
place_o842;2023-10-14 21:25:28
place_o843;2023-10-15 11:19:38
place_o844;2023-10-15 16:37:59
place_o845;2023-10-16 03:11:26
place_o846;2023-10-16 10:41:56
place_o847;2023-10-16 13:53:13
place_o848;2023-10-16 17:15:47
place_o849;2023-10-16 20:46:04
place_o850;2023-10-17 09:42:50
place_o851;2023-10-17 12:55:01
place_o852;2023-10-17 16:19:23
place_o853;2023-10-17 19:08:08
place_o854;2023-10-18 04:42:20
place_o855;2023-10-18 11:21:55
place_o856;2023-10-18 14:13:11
place_o857;2023-10-18 16:55:44
place_o858;2023-10-18 20:45:54
place_o859;2023-10-19 09:42:30
place_o860;2023-10-19 12:54:22
place_o861;2023-10-19 16:18:05
place_o862;2023-10-19 19:05:31
place_o863;2023-10-20 04:26:38
place_o864;2023-10-20 11:04:39
place_o865;2023-10-20 13:38:40
place_o866;2023-10-20 16:46:41
place_o867;2023-10-20 20:18:45
place_o868;2023-10-21 08:48:13
place_o869;2023-10-21 12:11:40
place_o870;2023-10-21 14:52:42
place_o871;2023-10-21 18:14:45
place_o872;2023-10-21 22:42:57
place_o873;2023-10-22 12:54:37
place_o874;2023-10-22 18:47:56
place_o875;2023-10-23 09:50:15
place_o876;2023-10-23 13:09:52
place_o877;2023-10-23 15:49:05
place_o878;2023-10-23 19:07:31
place_o879;2023-10-24 04:38:38
place_o880;2023-10-24 11:17:51
place_o881;2023-10-24 14:05:04
place_o882;2023-10-24 16:39:29
place_o883;2023-10-24 19:57:09
place_o884;2023-10-25 09:05:01
place_o885;2023-10-25 11:39:23
place_o886;2023-10-25 14:48:07
place_o887;2023-10-25 18:05:35
place_o888;2023-10-25 22:15:28
place_o889;2023-10-26 09:58:33
place_o890;2023-10-26 13:26:27
place_o891;2023-10-26 16:22:16
place_o892;2023-10-26 19:13:53
place_o893;2023-10-27 05:16:50
place_o894;2023-10-27 10:59:52
place_o895;2023-10-27 14:29:05
place_o896;2023-10-27 17:27:32
place_o897;2023-10-27 21:21:18
place_o898;2023-10-28 09:37:18
place_o899;2023-10-28 12:43:58
place_o900;2023-10-28 15:57:17
place_o901;2023-10-28 19:23:55
place_o902;2023-10-29 08:57:10
place_o903;2023-10-29 14:54:27
place_o904;2023-10-29 21:40:46
place_o905;2023-10-30 10:29:19
place_o906;2023-10-30 13:27:59
place_o907;2023-10-30 16:25:19
place_o908;2023-10-30 19:20:00
place_o909;2023-10-31 05:53:32
place_o910;2023-10-31 11:40:14
place_o911;2023-10-31 14:49:50
place_o912;2023-10-31 18:09:01
place_o913;2023-10-31 22:25:45
place_o914;2023-11-01 10:13:59
place_o915;2023-11-01 12:57:19
place_o916;2023-11-01 16:23:59
place_o917;2023-11-01 19:17:20
place_o918;2023-11-02 05:37:32
place_o919;2023-11-02 11:22:38
place_o920;2023-11-02 14:14:37
place_o921;2023-11-02 16:58:36
place_o922;2023-11-02 20:54:30
place_o923;2023-11-03 09:57:06
place_o924;2023-11-03 13:23:34
place_o925;2023-11-03 16:16:29
place_o926;2023-11-03 19:02:19
place_o927;2023-11-04 04:07:26
place_o928;2023-11-04 10:43:32
place_o929;2023-11-04 13:56:25
place_o930;2023-11-04 17:22:12
place_o931;2023-11-04 21:05:18
place_o932;2023-11-05 10:39:18
place_o933;2023-11-05 16:17:19
place_o934;2023-11-06 01:07:26
place_o935;2023-11-06 10:25:32
place_o936;2023-11-06 13:20:25
place_o937;2023-11-06 16:10:11
place_o938;2023-11-06 18:49:44
place_o939;2023-11-07 03:00:36
place_o940;2023-11-07 10:30:01
place_o941;2023-11-07 13:29:23
place_o942;2023-11-07 16:28:07
place_o943;2023-11-07 19:25:35
place_o944;2023-11-08 06:27:03
place_o945;2023-11-08 11:17:06
place_o946;2023-11-08 14:03:33
place_o947;2023-11-08 16:36:28
place_o948;2023-11-08 19:48:06
place_o949;2023-11-09 08:42:08
place_o950;2023-11-09 12:02:33
place_o951;2023-11-09 14:34:28
place_o952;2023-11-09 17:38:17
place_o953;2023-11-09 21:53:33
place_o954;2023-11-10 10:25:41
place_o955;2023-11-10 13:20:43
place_o956;2023-11-10 16:10:47
place_o957;2023-11-10 18:50:56
place_o958;2023-11-11 03:13:48
place_o959;2023-11-11 10:44:32
place_o960;2023-11-11 13:58:25
place_o961;2023-11-11 17:26:11
place_o962;2023-11-11 21:17:16
place_o963;2023-11-12 11:03:14
place_o964;2023-11-12 16:05:11
place_o965;2023-11-12 23:44:05
place_o966;2023-11-13 10:54:39
place_o967;2023-11-13 14:18:39
place_o968;2023-11-13 17:06:39
place_o969;2023-11-13 20:18:40
place_o970;2023-11-14 08:48:02
place_o971;2023-11-14 12:11:24
place_o972;2023-11-14 14:52:09
place_o973;2023-11-14 18:13:40
place_o974;2023-11-14 22:39:42
place_o975;2023-11-15 10:34:54
place_o976;2023-11-15 13:39:10
place_o977;2023-11-15 16:47:41
place_o978;2023-11-15 20:21:45
place_o979;2023-11-16 08:54:13
place_o980;2023-11-16 12:20:40
place_o981;2023-11-16 15:10:42
place_o982;2023-11-16 17:50:45
place_o983;2023-11-16 22:30:57
place_o984;2023-11-17 10:21:47
place_o985;2023-11-17 13:12:55
place_o986;2023-11-17 15:55:12
place_o987;2023-11-17 19:19:45
place_o988;2023-11-18 05:52:02
place_o989;2023-11-18 11:38:35
place_o990;2023-11-18 14:46:32
place_o991;2023-11-18 18:02:25
place_o992;2023-11-18 22:05:57
place_o993;2023-11-19 11:40:37
place_o994;2023-11-19 17:19:56
place_o995;2023-11-20 06:23:08
place_o996;2023-11-20 11:12:48
place_o997;2023-11-20 13:54:58
place_o998;2023-11-20 17:19:17
place_o999;2023-11-20 20:56:33
place_o1000;2023-11-21 10:00:11
place_o1001;2023-11-21 12:29:43
place_o1002;2023-11-21 15:28:47
place_o1003;2023-11-21 18:26:56
place_o1004;2023-11-21 23:19:30
place_o1005;2023-11-22 10:26:48
place_o1006;2023-11-22 13:22:58
place_o1007;2023-11-22 16:15:17
place_o1008;2023-11-22 18:59:55
place_o1009;2023-11-23 04:52:37
place_o1010;2023-11-23 11:33:14
place_o1011;2023-11-23 14:35:49
place_o1012;2023-11-23 17:41:00
place_o1013;2023-11-23 22:01:42
place_o1014;2023-11-24 09:37:54
place_o1015;2023-11-24 12:45:10
place_o1016;2023-11-24 15:59:41
place_o1017;2023-11-24 19:28:43
place_o1018;2023-11-25 06:45:50
place_o1019;2023-11-25 11:37:46
place_o1020;2023-11-25 14:44:54
place_o1021;2023-11-25 17:59:09
place_o1022;2023-11-25 22:56:09
place_o1023;2023-11-26 13:21:01
place_o1024;2023-11-26 18:40:44
place_o1025;2023-11-27 09:38:11
place_o1026;2023-11-27 12:45:43
place_o1027;2023-11-27 16:00:47
place_o1028;2023-11-27 18:30:55
place_o1029;2023-11-27 23:33:38
place_o1030;2023-11-28 10:42:21
place_o1031;2023-11-28 13:54:03
place_o1032;2023-11-28 17:17:27
place_o1033;2023-11-28 20:51:04
place_o1034;2023-11-29 09:51:57
place_o1035;2023-11-29 13:13:15
place_o1036;2023-11-29 15:55:51
place_o1037;2023-11-29 19:21:03
place_o1038;2023-11-30 05:59:51
place_o1039;2023-11-30 11:47:11
place_o1040;2023-11-30 15:03:43
place_o1041;2023-11-30 17:36:47
place_o1042;2023-11-30 21:49:04
place_o1043;2023-12-01 10:18:57
place_o1044;2023-12-01 13:07:15
place_o1045;2023-12-01 15:43:52
place_o1046;2023-12-01 18:57:05
place_o1047;2023-12-02 04:21:27
place_o1048;2023-12-02 10:58:57
place_o1049;2023-12-02 14:27:15
place_o1050;2023-12-02 17:23:51
place_o1051;2023-12-02 21:10:16
place_o1052;2023-12-03 10:49:14
place_o1053;2023-12-03 16:37:11
place_o1054;2023-12-04 03:06:38
place_o1055;2023-12-04 10:36:39
place_o1056;2023-12-04 13:42:39
place_o1057;2023-12-04 16:54:39
place_o1058;2023-12-04 20:42:40
place_o1059;2023-12-05 09:36:02
place_o1060;2023-12-05 12:41:26
place_o1061;2023-12-05 15:52:13
place_o1062;2023-12-05 19:13:47
place_o1063;2023-12-06 05:16:14
place_o1064;2023-12-06 10:59:13
place_o1065;2023-12-06 14:27:47
place_o1066;2023-12-06 17:24:55
place_o1067;2023-12-06 21:13:28
place_o1068;2023-12-07 09:25:33
place_o1069;2023-12-07 12:20:27
place_o1070;2023-12-07 15:10:15
place_o1071;2023-12-07 17:49:52
place_o1072;2023-12-07 22:28:18
place_o1073;2023-12-08 10:17:48
place_o1074;2023-12-08 13:04:57
place_o1075;2023-12-08 15:39:16
place_o1076;2023-12-08 18:47:53
place_o1077;2023-12-09 02:40:15
place_o1078;2023-12-09 11:07:38
place_o1079;2023-12-09 13:44:37
place_o1080;2023-12-09 16:58:35
place_o1081;2023-12-09 20:54:28
place_o1082;2023-12-10 11:17:38
place_o1083;2023-12-10 16:33:59
place_o1084;2023-12-11 02:47:26
place_o1085;2023-12-11 11:15:32
place_o1086;2023-12-11 14:00:25
place_o1087;2023-12-11 16:30:11
place_o1088;2023-12-11 19:29:43
place_o1089;2023-12-12 06:51:51
place_o1090;2023-12-12 11:44:23
place_o1091;2023-12-12 14:58:07
place_o1092;2023-12-12 18:25:35
place_o1093;2023-12-12 23:15:28
place_o1094;2023-12-13 10:22:22
place_o1095;2023-12-13 13:14:05
place_o1096;2023-12-13 15:57:31
place_o1097;2023-12-13 19:24:24
place_o1098;2023-12-14 06:19:56
place_o1099;2023-12-14 11:09:17
place_o1100;2023-12-14 13:47:55
place_o1101;2023-12-14 17:05:11
place_o1102;2023-12-14 20:14:16
place_o1103;2023-12-15 08:39:14
place_o1104;2023-12-15 11:58:12
place_o1105;2023-12-15 15:25:45
place_o1106;2023-12-15 18:20:52
place_o1107;2023-12-15 23:01:18
place_o1108;2023-12-16 10:06:47
place_o1109;2023-12-16 12:42:55
place_o1110;2023-12-16 15:55:12
place_o1111;2023-12-16 19:19:45
place_o1112;2023-12-17 08:56:40
place_o1113;2023-12-17 14:53:42
place_o1114;2023-12-17 21:38:31
place_o1115;2023-12-18 10:26:30
place_o1116;2023-12-18 13:22:21
place_o1117;2023-12-18 16:14:03
place_o1118;2023-12-18 18:57:28
place_o1119;2023-12-19 04:25:40
place_o1120;2023-12-19 11:03:35
place_o1121;2023-12-19 13:36:31
place_o1122;2023-12-19 16:42:24
place_o1123;2023-12-19 20:05:54
place_o1124;2023-12-20 08:22:30
place_o1125;2023-12-20 11:33:07
place_o1126;2023-12-20 14:35:35
place_o1127;2023-12-20 17:40:31
place_o1128;2023-12-20 22:00:16
place_o1129;2023-12-21 09:35:45
place_o1130;2023-12-21 12:40:51
place_o1131;2023-12-21 15:51:03
place_o1132;2023-12-21 19:11:27
place_o1133;2023-12-22 05:02:15
place_o1134;2023-12-22 10:43:49
place_o1135;2023-12-22 13:57:00
place_o1136;2023-12-22 17:23:21
place_o1137;2023-12-22 21:08:45
place_o1138;2023-12-23 09:18:29
place_o1139;2023-12-23 12:06:19
place_o1140;2023-12-23 14:41:59
place_o1141;2023-12-23 17:53:20
place_o1142;2023-12-23 22:38:42
place_o1143;2023-12-24 12:46:07
place_o1144;2023-12-24 18:30:56
place_o1145;2023-12-25 09:18:34
place_o1146;2023-12-25 12:06:30
place_o1147;2023-12-25 14:42:21
place_o1148;2023-12-25 17:54:03
place_o1149;2023-12-25 22:40:52
place_o1150;2023-12-26 10:36:39
place_o1151;2023-12-26 13:42:39
place_o1152;2023-12-26 16:54:39
place_o1153;2023-12-26 20:42:40
place_o1154;2023-12-27 09:36:02
place_o1155;2023-12-27 12:41:25
place_o1156;2023-12-27 15:52:12
place_o1157;2023-12-27 19:13:45
place_o1158;2023-12-28 05:16:02
place_o1159;2023-12-28 10:58:59
place_o1160;2023-12-28 14:27:20
place_o1161;2023-12-28 17:24:01
place_o1162;2023-12-28 21:10:45
place_o1163;2023-12-29 09:21:29
place_o1164;2023-12-29 12:12:19
place_o1165;2023-12-29 14:54:00
place_o1166;2023-12-29 18:17:21
place_o1167;2023-12-29 22:50:45
place_o1168;2023-12-30 10:51:29
place_o1169;2023-12-30 14:12:19
place_o1170;2023-12-30 16:53:59
place_o1171;2023-12-30 20:40:40
place_o1172;2023-12-31 10:50:02
place_o1173;2023-12-31 16:38:47
place_o1174;2024-01-01 03:16:14
place_o1175;2024-01-01 10:47:13
place_o1176;2024-01-01 14:03:47
place_o1177;2024-01-01 16:36:55
place_o1178;2024-01-01 19:49:27
place_o1179;2024-01-02 08:49:37
place_o1180;2024-01-02 12:13:47
place_o1181;2024-01-02 14:56:55
place_o1182;2024-01-02 18:23:11
place_o1183;2024-01-02 23:08:16
place_o1184;2024-01-03 10:14:26
place_o1185;2024-01-03 12:58:14
place_o1186;2024-01-03 16:25:49
place_o1187;2024-01-03 19:20:59
place_o1188;2024-01-04 05:59:26
place_o1189;2024-01-04 11:46:44
place_o1190;2024-01-04 15:02:49
place_o1191;2024-01-04 17:35:00
place_o1192;2024-01-04 21:43:42
place_o1193;2024-01-05 10:10:54
place_o1194;2024-01-05 12:51:09
place_o1195;2024-01-05 16:11:40
place_o1196;2024-01-05 18:52:41
place_o1197;2024-01-06 03:33:03
place_o1198;2024-01-06 11:05:43
place_o1199;2024-01-06 13:40:47
place_o1200;2024-01-06 16:50:55
place_o1201;2024-01-06 20:31:28
place_o1202;2024-01-07 10:31:38
place_o1203;2024-01-07 16:01:58
place_o1204;2024-01-07 23:08:43
place_o1205;2024-01-08 10:17:30
place_o1206;2024-01-08 13:04:21
place_o1207;2024-01-08 15:38:04
place_o1208;2024-01-08 18:45:29
place_o1209;2024-01-09 02:13:51
place_o1210;2024-01-09 10:38:35
place_o1211;2024-01-09 13:46:32
place_o1212;2024-01-09 17:02:25
place_o1213;2024-01-09 20:05:57
place_o1214;2024-01-10 08:22:37
place_o1215;2024-01-10 11:33:17
place_o1216;2024-01-10 14:35:55
place_o1217;2024-01-10 17:41:11
place_o1218;2024-01-10 22:02:15
place_o1219;2024-01-11 09:38:44
place_o1220;2024-01-11 12:46:49
place_o1221;2024-01-11 16:03:00
place_o1222;2024-01-11 18:35:21
place_o1223;2024-01-12 00:22:23
place_o1224;2024-01-12 10:35:59
place_o1225;2024-01-12 13:41:19
place_o1226;2024-01-12 16:51:59
place_o1227;2024-01-12 20:34:39
place_o1228;2024-01-13 09:20:01
place_o1229;2024-01-13 12:09:23
place_o1230;2024-01-13 14:48:07
place_o1231;2024-01-13 18:05:36
place_o1232;2024-01-13 22:15:30
place_o1233;2024-01-14 11:59:42
place_o1234;2024-01-14 17:58:07
place_o1235;2024-01-15 09:12:56
place_o1236;2024-01-15 11:55:14
place_o1237;2024-01-15 15:19:49
place_o1238;2024-01-15 18:08:59
place_o1239;2024-01-15 22:25:40
place_o1240;2024-01-16 10:13:51
place_o1241;2024-01-16 12:57:03
place_o1242;2024-01-16 16:23:27
place_o1243;2024-01-16 19:16:15
place_o1244;2024-01-17 05:31:03
place_o1245;2024-01-17 11:15:30
place_o1246;2024-01-17 14:00:21
place_o1247;2024-01-17 16:30:04
place_o1248;2024-01-17 19:29:29
place_o1249;2024-01-18 06:50:26
place_o1250;2024-01-18 11:42:50
place_o1251;2024-01-18 14:55:01
place_o1252;2024-01-18 18:19:23
place_o1253;2024-01-18 22:56:52
place_o1254;2024-01-19 11:00:39
place_o1255;2024-01-19 13:30:39
place_o1256;2024-01-19 16:30:39
place_o1257;2024-01-19 19:30:40
place_o1258;2024-01-20 06:57:32
place_o1259;2024-01-20 11:50:39
place_o1260;2024-01-20 15:10:39
place_o1261;2024-01-20 17:50:39
place_o1262;2024-01-20 22:30:39
place_o1263;2024-01-21 12:30:01
place_o1264;2024-01-21 17:58:44
place_o1265;2024-01-22 09:14:11
place_o1266;2024-01-22 11:57:43
place_o1267;2024-01-22 15:24:47
place_o1268;2024-01-22 18:18:55
place_o1269;2024-01-22 22:55:28
place_o1270;2024-01-23 10:58:33
place_o1271;2024-01-23 14:26:27
place_o1272;2024-01-23 17:22:16
place_o1273;2024-01-23 21:05:30
place_o1274;2024-01-24 09:13:36
place_o1275;2024-01-24 11:56:33
place_o1276;2024-01-24 15:22:28
place_o1277;2024-01-24 18:14:17
place_o1278;2024-01-24 22:41:33
place_o1279;2024-01-25 10:37:41
place_o1280;2024-01-25 13:44:43
place_o1281;2024-01-25 16:58:48
place_o1282;2024-01-25 20:55:06
place_o1283;2024-01-26 09:58:00
place_o1284;2024-01-26 13:25:21
place_o1285;2024-01-26 16:20:04
place_o1286;2024-01-26 19:09:29
place_o1287;2024-01-27 04:50:26
place_o1288;2024-01-27 11:30:50
place_o1289;2024-01-27 14:31:01
place_o1290;2024-01-27 17:31:23
place_o1291;2024-01-27 21:32:52
place_o1292;2024-01-28 11:34:26
place_o1293;2024-01-28 17:07:35
place_o1294;2024-01-29 05:09:02
place_o1295;2024-01-29 10:51:17
place_o1296;2024-01-29 14:11:56
place_o1297;2024-01-29 16:53:13
place_o1298;2024-01-29 20:38:21
place_o1299;2024-01-30 09:27:25
place_o1300;2024-01-30 12:24:11
place_o1301;2024-01-30 15:17:43
place_o1302;2024-01-30 18:04:47
place_o1303;2024-01-30 22:13:04
place_o1304;2024-01-31 09:54:57
place_o1305;2024-01-31 13:19:15
place_o1306;2024-01-31 16:07:51
place_o1307;2024-01-31 18:45:04
place_o1308;2024-02-01 02:09:16
place_o1309;2024-02-01 10:33:33
place_o1310;2024-02-01 13:36:27
place_o1311;2024-02-01 16:42:15
place_o1312;2024-02-01 20:05:28
place_o1313;2024-02-02 08:21:38
place_o1314;2024-02-02 11:31:48
place_o1315;2024-02-02 14:32:58
place_o1316;2024-02-02 17:35:17
place_o1317;2024-02-02 21:44:33
place_o1318;2024-02-03 10:12:11
place_o1319;2024-02-03 12:53:43
place_o1320;2024-02-03 16:16:47
place_o1321;2024-02-03 19:02:56
place_o1322;2024-02-04 08:06:13
place_o1323;2024-02-04 13:38:01
place_o1324;2024-02-04 19:14:45
place_o1325;2024-02-05 09:26:47
place_o1326;2024-02-05 12:22:56
place_o1327;2024-02-05 15:15:13
place_o1328;2024-02-05 17:59:47
place_o1329;2024-02-05 22:58:03
place_o1330;2024-02-06 11:02:26
place_o1331;2024-02-06 13:34:13
place_o1332;2024-02-06 16:37:48
place_o1333;2024-02-06 19:52:06
place_o1334;2024-02-07 08:54:55
place_o1335;2024-02-07 12:21:43
place_o1336;2024-02-07 15:12:48
place_o1337;2024-02-07 17:54:57
place_o1338;2024-02-07 22:43:33
place_o1339;2024-02-08 10:40:41
place_o1340;2024-02-08 13:50:43
place_o1341;2024-02-08 17:10:47
place_o1342;2024-02-08 20:31:04
place_o1343;2024-02-09 09:12:50
place_o1344;2024-02-09 11:55:01
place_o1345;2024-02-09 15:19:24
place_o1346;2024-02-09 18:08:09
place_o1347;2024-02-09 22:23:09
place_o1348;2024-02-10 10:10:05
place_o1349;2024-02-10 12:49:31
place_o1350;2024-02-10 16:08:24
place_o1351;2024-02-10 18:46:09
place_o1352;2024-02-11 03:56:13
place_o1353;2024-02-11 14:00:33
place_o1354;2024-02-11 18:59:48
place_o1355;2024-02-12 10:08:04
place_o1356;2024-02-12 12:45:29
place_o1357;2024-02-12 16:00:19
place_o1358;2024-02-12 18:29:59
place_o1359;2024-02-12 23:28:40
place_o1360;2024-02-13 10:36:53
place_o1361;2024-02-13 13:43:07
place_o1362;2024-02-13 16:55:35
place_o1363;2024-02-13 20:45:28
place_o1364;2024-02-14 09:41:38
place_o1365;2024-02-14 12:52:38
place_o1366;2024-02-14 16:14:37
place_o1367;2024-02-14 18:58:35
place_o1368;2024-02-15 04:37:57
place_o1369;2024-02-15 11:17:06
place_o1370;2024-02-15 14:03:33
place_o1371;2024-02-15 16:36:28
place_o1372;2024-02-15 19:48:06
place_o1373;2024-02-16 08:42:08
place_o1374;2024-02-16 12:02:33
place_o1375;2024-02-16 14:34:28
place_o1376;2024-02-16 17:38:17
place_o1377;2024-02-16 21:53:33
place_o1378;2024-02-17 10:25:41
place_o1379;2024-02-17 13:20:43
place_o1380;2024-02-17 16:10:48
place_o1381;2024-02-17 18:50:57
place_o1382;2024-02-18 05:37:01
place_o1383;2024-02-18 13:51:26
place_o1384;2024-02-18 19:41:34
place_o1385;2024-02-19 10:00:19
place_o1386;2024-02-19 12:29:59
place_o1387;2024-02-19 15:29:19
place_o1388;2024-02-19 18:28:00
place_o1389;2024-02-19 23:22:42
place_o1390;2024-02-20 10:30:20
place_o1391;2024-02-20 13:30:01
place_o1392;2024-02-20 16:29:23
place_o1393;2024-02-20 19:28:07
place_o1394;2024-02-21 06:42:14
place_o1395;2024-02-21 11:33:49
place_o1396;2024-02-21 14:36:59
place_o1397;2024-02-21 17:43:19
place_o1398;2024-02-21 22:08:40
place_o1399;2024-02-22 09:48:21
place_o1400;2024-02-22 13:06:03
place_o1401;2024-02-22 15:41:28
place_o1402;2024-02-22 18:52:17
place_o1403;2024-02-23 03:28:39
place_o1404;2024-02-23 11:00:52
place_o1405;2024-02-23 13:31:05
place_o1406;2024-02-23 16:31:32
place_o1407;2024-02-23 19:33:18
place_o1408;2024-02-24 07:13:20
place_o1409;2024-02-24 11:08:02
place_o1410;2024-02-24 13:45:25
place_o1411;2024-02-24 17:00:11
place_o1412;2024-02-24 19:59:15
place_o1413;2024-02-25 10:27:13
place_o1414;2024-02-25 15:53:08
place_o1415;2024-02-25 23:36:49
place_o1416;2024-02-26 10:47:01
place_o1417;2024-02-26 14:03:23
place_o1418;2024-02-26 16:36:07
place_o1419;2024-02-26 19:47:04
place_o1420;2024-02-27 08:35:56
place_o1421;2024-02-27 11:53:15
place_o1422;2024-02-27 15:15:51
place_o1423;2024-02-27 18:01:04
place_o1424;2024-02-27 22:01:54
place_o1425;2024-02-28 09:38:12
place_o1426;2024-02-28 12:45:46
place_o1427;2024-02-28 16:00:53
place_o1428;2024-02-28 18:31:07
place_o1429;2024-02-28 23:35:49
place_o1430;2024-02-29 10:44:45
place_o1431;2024-02-29 13:58:52
place_o1432;2024-02-29 17:27:05
place_o1433;2024-02-29 21:19:57
place_o1434;2024-03-01 09:35:17
place_o1435;2024-03-01 12:39:55
place_o1436;2024-03-01 15:49:11
place_o1437;2024-03-01 19:07:44
place_o1438;2024-03-02 04:39:56
place_o1439;2024-03-02 11:19:17
place_o1440;2024-03-02 14:07:55
place_o1441;2024-03-02 16:45:11
place_o1442;2024-03-02 20:14:16
place_o1443;2024-03-03 09:57:14
place_o1444;2024-03-03 15:53:10
place_o1445;2024-03-03 23:36:55
place_o1446;2024-03-04 10:47:07
place_o1447;2024-03-04 14:03:36
place_o1448;2024-03-04 16:36:33
place_o1449;2024-03-04 19:48:21
place_o1450;2024-03-05 08:43:38
place_o1451;2024-03-05 12:04:49
place_o1452;2024-03-05 14:38:59
place_o1453;2024-03-05 17:47:19
place_o1454;2024-03-05 22:20:40
place_o1455;2024-03-06 10:06:21
place_o1456;2024-03-06 12:42:03
place_o1457;2024-03-06 15:53:27
place_o1458;2024-03-06 19:16:16
place_o1459;2024-03-07 05:31:08
place_o1460;2024-03-07 11:15:36
place_o1461;2024-03-07 14:00:33
place_o1462;2024-03-07 16:30:27
place_o1463;2024-03-07 19:30:15
place_o1464;2024-03-08 06:55:03
place_o1465;2024-03-08 11:47:54
place_o1466;2024-03-08 15:05:09
place_o1467;2024-03-08 17:39:40
place_o1468;2024-03-08 21:57:42
place_o1469;2024-03-09 10:31:54
place_o1470;2024-03-09 13:33:10
place_o1471;2024-03-09 16:35:41
place_o1472;2024-03-09 19:45:45
place_o1473;2024-03-10 10:00:13
place_o1474;2024-03-10 14:59:08
place_o1475;2024-03-10 21:54:49
place_o1476;2024-03-11 10:46:52
place_o1477;2024-03-11 14:03:06
place_o1478;2024-03-11 16:35:33
place_o1479;2024-03-11 19:45:21
place_o1480;2024-03-12 08:25:39
place_o1481;2024-03-12 11:37:49
place_o1482;2024-03-12 14:45:00
place_o1483;2024-03-12 17:59:21
place_o1484;2024-03-12 22:56:45
place_o1485;2024-03-13 11:00:29
place_o1486;2024-03-13 13:30:19
place_o1487;2024-03-13 16:29:59
place_o1488;2024-03-13 19:29:20
place_o1489;2024-03-14 06:49:32
place_o1490;2024-03-14 11:41:50
place_o1491;2024-03-14 14:53:01
place_o1492;2024-03-14 18:15:24
place_o1493;2024-03-14 22:44:54
place_o1494;2024-03-15 10:42:42
place_o1495;2024-03-15 13:54:46
place_o1496;2024-03-15 17:18:53
place_o1497;2024-03-15 20:55:21
place_o1498;2024-03-16 09:58:23
place_o1499;2024-03-16 13:26:07
place_o1500;2024-03-16 16:21:35
place_o1501;2024-03-16 19:12:32
place_o1502;2024-03-17 08:35:01
place_o1503;2024-03-17 14:21:13
place_o1504;2024-03-17 20:01:04
place_o1505;2024-03-18 09:24:42
place_o1506;2024-03-18 12:18:45
place_o1507;2024-03-18 15:06:51
place_o1508;2024-03-18 17:43:03
place_o1509;2024-03-18 22:07:52
place_o1510;2024-03-19 09:47:09
place_o1511;2024-03-19 13:03:39
place_o1512;2024-03-19 15:36:39
place_o1513;2024-03-19 18:42:40
place_o1514;2024-03-20 01:42:52
place_o1515;2024-03-20 11:04:30
place_o1516;2024-03-20 13:38:22
place_o1517;2024-03-20 16:46:05
place_o1518;2024-03-20 20:16:57
place_o1519;2024-03-21 08:44:37
place_o1520;2024-03-21 12:06:16
place_o1521;2024-03-21 14:41:54
place_o1522;2024-03-21 17:53:09
place_o1523;2024-03-21 22:38:09
place_o1524;2024-03-22 10:32:35
place_o1525;2024-03-22 13:34:31
place_o1526;2024-03-22 16:38:23
place_o1527;2024-03-22 19:53:52
place_o1528;2024-03-23 08:58:26
place_o1529;2024-03-23 12:27:01
place_o1530;2024-03-23 15:23:23
place_o1531;2024-03-23 18:16:07
place_o1532;2024-03-23 22:47:03
place_o1533;2024-03-24 13:02:49
place_o1534;2024-03-24 18:04:20
place_o1535;2024-03-25 08:25:23
place_o1536;2024-03-25 11:37:25
place_o1537;2024-03-25 14:44:12
place_o1538;2024-03-25 17:57:45
place_o1539;2024-03-25 22:51:57
place_o1540;2024-03-26 10:53:17
place_o1541;2024-03-26 14:15:55
place_o1542;2024-03-26 17:01:12
place_o1543;2024-03-26 20:02:18
place_o1544;2024-03-27 08:15:18
place_o1545;2024-03-27 11:22:19
place_o1546;2024-03-27 14:13:59
place_o1547;2024-03-27 16:57:19
place_o1548;2024-03-27 20:50:40
place_o1549;2024-03-28 09:51:21
place_o1550;2024-03-28 13:12:03
place_o1551;2024-03-28 15:53:27
place_o1552;2024-03-28 19:16:15
place_o1553;2024-03-29 05:31:03
place_o1554;2024-03-29 11:15:30
place_o1555;2024-03-29 14:00:21
place_o1556;2024-03-29 16:30:04
place_o1557;2024-03-29 19:29:29
place_o1558;2024-03-30 06:50:26
place_o1559;2024-03-30 11:42:50
place_o1560;2024-03-30 14:55:01
place_o1561;2024-03-30 18:19:23
place_o1562;2024-03-30 22:56:52
place_o1563;2024-03-31 13:28:26
place_o1564;2024-03-31 18:55:35
place_o1565;2024-04-01 10:01:43
place_o1566;2024-04-01 12:32:48
place_o1567;2024-04-01 15:34:57
place_o1568;2024-04-01 18:39:15
place_o1569;2024-04-02 01:05:17
place_o1570;2024-04-02 10:23:10
place_o1571;2024-04-02 13:15:41
place_o1572;2024-04-02 16:00:44
place_o1573;2024-04-02 18:30:49
place_o1574;2024-04-02 23:32:31
place_o1575;2024-04-03 10:41:07
place_o1576;2024-04-03 13:51:36
place_o1577;2024-04-03 17:12:33
place_o1578;2024-04-03 20:36:21
place_o1579;2024-04-04 09:23:25
place_o1580;2024-04-04 12:16:11
place_o1581;2024-04-04 15:01:43
place_o1582;2024-04-04 17:32:48
place_o1583;2024-04-04 21:37:06
place_o1584;2024-04-05 10:01:00
place_o1585;2024-04-05 12:31:21
place_o1586;2024-04-05 15:32:04
place_o1587;2024-04-05 18:33:29
place_o1588;2024-04-06 00:01:51
place_o1589;2024-04-06 10:13:23
place_o1590;2024-04-06 12:56:08
place_o1591;2024-04-06 16:21:37
place_o1592;2024-04-06 19:12:35
place_o1593;2024-04-07 08:35:10
place_o1594;2024-04-07 14:21:27
place_o1595;2024-04-07 20:01:46
place_o1596;2024-04-08 09:25:34
place_o1597;2024-04-08 12:20:29
place_o1598;2024-04-08 15:10:19
place_o1599;2024-04-08 17:50:00
place_o1600;2024-04-08 22:28:42
place_o1601;2024-04-09 10:18:24
place_o1602;2024-04-09 13:06:10
place_o1603;2024-04-09 15:41:41
place_o1604;2024-04-09 18:52:43
place_o1605;2024-04-10 03:33:25
place_o1606;2024-04-10 11:06:07
place_o1607;2024-04-10 13:41:35
place_o1608;2024-04-10 16:52:31
place_o1609;2024-04-10 20:36:16
place_o1610;2024-04-11 09:23:14
place_o1611;2024-04-11 12:15:50
place_o1612;2024-04-11 15:01:01
place_o1613;2024-04-11 17:31:23
place_o1614;2024-04-11 21:32:51
place_o1615;2024-04-12 09:54:38
place_o1616;2024-04-12 13:18:37
place_o1617;2024-04-12 16:06:36
place_o1618;2024-04-12 18:42:33
place_o1619;2024-04-13 01:41:35
place_o1620;2024-04-13 11:03:06
place_o1621;2024-04-13 13:35:33
place_o1622;2024-04-13 16:40:27
place_o1623;2024-04-13 20:00:04
place_o1624;2024-04-14 09:28:50
place_o1625;2024-04-14 14:56:23
place_o1626;2024-04-14 21:46:33
place_o1627;2024-04-15 10:36:33
place_o1628;2024-04-15 13:42:27
place_o1629;2024-04-15 16:54:15
place_o1630;2024-04-15 20:41:28
place_o1631;2024-04-16 09:33:38
place_o1632;2024-04-16 12:36:38
place_o1633;2024-04-16 15:42:37
place_o1634;2024-04-16 18:54:35
place_o1635;2024-04-17 03:53:57
place_o1636;2024-04-17 11:28:42
place_o1637;2024-04-17 14:26:45
place_o1638;2024-04-17 17:22:52
place_o1639;2024-04-17 21:07:18
place_o1640;2024-04-18 09:16:18
place_o1641;2024-04-18 12:01:57
place_o1642;2024-04-18 14:33:16
place_o1643;2024-04-18 17:35:53
place_o1644;2024-04-18 21:46:21
place_o1645;2024-04-19 10:14:53
place_o1646;2024-04-19 12:59:07
place_o1647;2024-04-19 16:27:36
place_o1648;2024-04-19 19:24:33
place_o1649;2024-04-20 06:20:50
place_o1650;2024-04-20 11:10:16
place_o1651;2024-04-20 13:49:53
place_o1652;2024-04-20 17:09:08
place_o1653;2024-04-20 20:26:06
place_o1654;2024-04-21 10:20:55
place_o1655;2024-04-21 15:40:32
place_o1656;2024-04-21 22:59:01
place_o1657;2024-04-22 11:07:07
place_o1658;2024-04-22 13:43:36
place_o1659;2024-04-22 16:56:33
place_o1660;2024-04-22 20:48:21
place_o1661;2024-04-23 09:47:25
place_o1662;2024-04-23 13:04:11
place_o1663;2024-04-23 15:37:43
place_o1664;2024-04-23 18:44:47
place_o1665;2024-04-24 02:06:10
place_o1666;2024-04-24 10:30:08
place_o1667;2024-04-24 13:29:37
place_o1668;2024-04-24 16:28:35
place_o1669;2024-04-24 19:26:31
place_o1670;2024-04-25 06:32:39
place_o1671;2024-04-25 11:23:16
place_o1672;2024-04-25 14:15:53
place_o1673;2024-04-25 17:01:07
place_o1674;2024-04-25 20:02:04
place_o1675;2024-04-26 08:14:50
place_o1676;2024-04-26 11:21:36
place_o1677;2024-04-26 14:12:34
place_o1678;2024-04-26 16:54:29
place_o1679;2024-04-26 20:42:09
place_o1680;2024-04-27 09:35:01
place_o1681;2024-04-27 12:39:23
place_o1682;2024-04-27 15:48:07
place_o1683;2024-04-27 19:05:35
place_o1684;2024-04-28 08:14:10
place_o1685;2024-04-28 13:49:58
place_o1686;2024-04-28 19:38:38
place_o1687;2024-04-29 09:56:39
place_o1688;2024-04-29 13:22:39
place_o1689;2024-04-29 16:14:39
place_o1690;2024-04-29 18:58:40
place_o1691;2024-04-30 04:38:52
place_o1692;2024-04-30 11:18:06
place_o1693;2024-04-30 14:05:33
place_o1694;2024-04-30 16:40:28
place_o1695;2024-04-30 20:00:06
place_o1696;2024-05-01 08:10:55
place_o1697;2024-05-01 11:15:43
place_o1698;2024-05-01 14:00:48
place_o1699;2024-05-01 16:30:57
place_o1700;2024-05-01 19:31:33
place_o1701;2024-05-02 07:02:50
place_o1702;2024-05-02 10:56:29
place_o1703;2024-05-02 14:22:19
place_o1704;2024-05-02 17:13:59
place_o1705;2024-05-02 20:40:40
place_o1706;2024-05-03 09:32:02
place_o1707;2024-05-03 12:33:25
place_o1708;2024-05-03 15:36:11
place_o1709;2024-05-03 18:41:44
place_o1710;2024-05-04 01:32:36
place_o1711;2024-05-04 10:53:13
place_o1712;2024-05-04 14:15:47
place_o1713;2024-05-04 17:00:55
place_o1714;2024-05-04 20:01:28
place_o1715;2024-05-05 09:31:38
place_o1716;2024-05-05 15:01:59
place_o1717;2024-05-05 21:03:21
place_o1718;2024-05-06 09:42:33
place_o1719;2024-05-06 12:54:27
place_o1720;2024-05-06 16:18:15
place_o1721;2024-05-06 19:05:52
place_o1722;2024-05-07 04:28:44
place_o1723;2024-05-07 11:06:57
place_o1724;2024-05-07 13:43:16
place_o1725;2024-05-07 16:55:53
place_o1726;2024-05-07 20:46:21
place_o1727;2024-05-08 09:43:25
place_o1728;2024-05-08 12:56:11
place_o1729;2024-05-08 16:21:43
place_o1730;2024-05-08 19:12:47
place_o1731;2024-05-09 05:10:15
place_o1732;2024-05-09 10:52:37
place_o1733;2024-05-09 14:14:36
place_o1734;2024-05-09 16:58:33
place_o1735;2024-05-09 20:54:21
place_o1736;2024-05-10 09:56:53
place_o1737;2024-05-10 13:23:07
place_o1738;2024-05-10 16:15:35
place_o1739;2024-05-10 19:00:32
place_o1740;2024-05-11 03:56:44
place_o1741;2024-05-11 11:31:46
place_o1742;2024-05-11 14:32:53
place_o1743;2024-05-11 17:35:07
place_o1744;2024-05-11 21:44:03
place_o1745;2024-05-12 11:56:49
place_o1746;2024-05-12 17:52:20
place_o1747;2024-05-13 09:01:23
place_o1748;2024-05-13 11:32:07
place_o1749;2024-05-13 14:33:35
place_o1750;2024-05-13 17:36:31
place_o1751;2024-05-13 21:48:16
place_o1752;2024-05-14 10:17:45
place_o1753;2024-05-14 13:04:51
place_o1754;2024-05-14 15:39:04
place_o1755;2024-05-14 18:47:29
place_o1756;2024-05-15 02:35:51
place_o1757;2024-05-15 11:02:47
place_o1758;2024-05-15 13:34:56
place_o1759;2024-05-15 16:39:13
place_o1760;2024-05-15 19:56:21
place_o1761;2024-05-16 09:03:25
place_o1762;2024-05-16 11:36:11
place_o1763;2024-05-16 14:41:43
place_o1764;2024-05-16 17:52:47
place_o1765;2024-05-16 22:37:04
place_o1766;2024-05-17 10:30:57
place_o1767;2024-05-17 13:31:15
place_o1768;2024-05-17 16:31:51
place_o1769;2024-05-17 19:34:16
place_o1770;2024-05-18 07:19:08
place_o1771;2024-05-18 11:14:24
place_o1772;2024-05-18 13:58:09
place_o1773;2024-05-18 17:25:40
place_o1774;2024-05-18 21:15:42
place_o1775;2024-05-19 11:00:07
place_o1776;2024-05-19 15:58:56
place_o1777;2024-05-19 23:54:13
place_o1778;2024-05-20 11:05:17
place_o1779;2024-05-20 13:39:55
place_o1780;2024-05-20 16:49:11
place_o1781;2024-05-20 20:26:16
place_o1782;2024-05-21 09:03:14
place_o1783;2024-05-21 11:35:49
place_o1784;2024-05-21 14:41:00
place_o1785;2024-05-21 17:51:21
place_o1786;2024-05-21 22:32:45
place_o1787;2024-05-22 10:24:29
place_o1788;2024-05-22 13:18:19
place_o1789;2024-05-22 16:05:59
place_o1790;2024-05-22 18:41:20
place_o1791;2024-05-23 01:28:12
place_o1792;2024-05-23 10:48:22
place_o1793;2024-05-23 14:06:05
place_o1794;2024-05-23 16:41:32
place_o1795;2024-05-23 20:03:18
place_o1796;2024-05-24 08:17:19
place_o1797;2024-05-24 11:25:19
place_o1798;2024-05-24 14:20:00
place_o1799;2024-05-24 17:09:21
place_o1800;2024-05-24 20:26:45
place_o1801;2024-05-25 09:04:13
place_o1802;2024-05-25 11:37:47
place_o1803;2024-05-25 14:44:55
place_o1804;2024-05-25 17:59:11
place_o1805;2024-05-25 22:56:16
place_o1806;2024-05-26 13:21:14
place_o1807;2024-05-26 18:41:11
place_o1808;2024-05-27 09:39:04
place_o1809;2024-05-27 12:47:29
place_o1810;2024-05-27 16:04:20
place_o1811;2024-05-27 18:38:01
place_o1812;2024-05-28 00:51:43
place_o1813;2024-05-28 11:08:15
place_o1814;2024-05-28 13:45:51
place_o1815;2024-05-28 17:01:03
place_o1816;2024-05-28 20:01:51
place_o1817;2024-05-29 08:14:25
place_o1818;2024-05-29 11:20:59
place_o1819;2024-05-29 14:11:19
place_o1820;2024-05-29 16:51:59
place_o1821;2024-05-29 20:34:39
place_o1822;2024-05-30 09:20:01
place_o1823;2024-05-30 12:09:23
place_o1824;2024-05-30 14:48:07
place_o1825;2024-05-30 18:05:36
place_o1826;2024-05-30 22:15:30
place_o1827;2024-05-31 09:58:36
place_o1828;2024-05-31 13:26:33
place_o1829;2024-05-31 16:22:28
place_o1830;2024-05-31 19:14:17
place_o1831;2024-06-01 05:19:14
place_o1832;2024-06-01 11:02:31
place_o1833;2024-06-01 13:34:23
place_o1834;2024-06-01 16:38:07
place_o1835;2024-06-01 19:53:04
place_o1836;2024-06-02 10:14:50
place_o1837;2024-06-02 15:28:23
place_o1838;2024-06-02 22:22:33
place_o1839;2024-06-03 10:21:33
place_o1840;2024-06-03 13:12:27
place_o1841;2024-06-03 15:54:15
place_o1842;2024-06-03 19:17:52
place_o1843;2024-06-04 05:40:44
place_o1844;2024-06-04 11:26:09
place_o1845;2024-06-04 14:21:40
place_o1846;2024-06-04 17:12:41
place_o1847;2024-06-04 20:36:45
place_o1848;2024-06-05 09:24:13
place_o1849;2024-06-05 12:17:47
place_o1850;2024-06-05 15:04:55
place_o1851;2024-06-05 17:39:11
place_o1852;2024-06-05 21:56:16
place_o1853;2024-06-06 10:29:45
place_o1854;2024-06-06 13:28:51
place_o1855;2024-06-06 16:27:04
place_o1856;2024-06-06 19:23:29
place_o1857;2024-06-07 06:14:26
place_o1858;2024-06-07 11:03:14
place_o1859;2024-06-07 13:35:49
place_o1860;2024-06-07 16:40:59
place_o1861;2024-06-07 20:01:40
place_o1862;2024-06-08 08:14:02
place_o1863;2024-06-08 11:20:24
place_o1864;2024-06-08 14:10:10
place_o1865;2024-06-08 16:49:41
place_o1866;2024-06-08 20:27:45
place_o1867;2024-06-09 10:24:13
place_o1868;2024-06-09 15:47:08
place_o1869;2024-06-09 23:18:49
place_o1870;2024-06-10 10:28:07
place_o1871;2024-06-10 13:25:35
place_o1872;2024-06-10 16:20:31
place_o1873;2024-06-10 19:10:23
place_o1874;2024-06-11 04:55:51
place_o1875;2024-06-11 11:36:47
place_o1876;2024-06-11 14:42:55
place_o1877;2024-06-11 17:55:11
place_o1878;2024-06-11 22:44:16
place_o1879;2024-06-12 10:41:45
place_o1880;2024-06-12 13:52:51
place_o1881;2024-06-12 17:15:04
place_o1882;2024-06-12 20:43:54
place_o1883;2024-06-13 09:38:30
place_o1884;2024-06-13 12:46:22
place_o1885;2024-06-13 16:02:05
place_o1886;2024-06-13 18:33:31
place_o1887;2024-06-14 00:02:13
place_o1888;2024-06-14 10:13:48
place_o1889;2024-06-14 12:56:57
place_o1890;2024-06-14 16:23:15
place_o1891;2024-06-14 19:15:52
place_o1892;2024-06-15 05:28:44
place_o1893;2024-06-15 11:12:57
place_o1894;2024-06-15 13:55:16
place_o1895;2024-06-15 17:19:53
place_o1896;2024-06-15 20:58:21
place_o1897;2024-06-16 11:25:25
place_o1898;2024-06-16 16:49:32
place_o1899;2024-06-17 04:20:44
place_o1900;2024-06-17 10:58:10
place_o1901;2024-06-17 14:25:41
place_o1902;2024-06-17 17:20:44
place_o1903;2024-06-17 21:00:54
place_o1904;2024-06-18 09:06:42
place_o1905;2024-06-18 11:42:45
place_o1906;2024-06-18 14:54:52
place_o1907;2024-06-18 18:19:05
place_o1908;2024-06-18 22:55:57
place_o1909;2024-06-19 10:59:17
place_o1910;2024-06-19 14:27:55
place_o1911;2024-06-19 17:25:11
place_o1912;2024-06-19 21:14:16
place_o1913;2024-06-20 09:26:45
place_o1914;2024-06-20 12:22:51
place_o1915;2024-06-20 15:15:04
place_o1916;2024-06-20 17:59:29
place_o1917;2024-06-20 22:57:09
place_o1918;2024-06-21 11:01:05
place_o1919;2024-06-21 13:31:31
place_o1920;2024-06-21 16:32:23
place_o1921;2024-06-21 19:35:52
place_o1922;2024-06-22 07:28:44
place_o1923;2024-06-22 11:24:58
place_o1924;2024-06-22 14:19:17
place_o1925;2024-06-22 17:07:55
place_o1926;2024-06-22 20:22:28
place_o1927;2024-06-23 10:13:38
place_o1928;2024-06-23 15:25:59
place_o1929;2024-06-23 22:15:21
place_o1930;2024-06-24 10:12:33
place_o1931;2024-06-24 12:54:27
place_o1932;2024-06-24 16:18:15
place_o1933;2024-06-24 19:05:52
place_o1934;2024-06-25 04:28:44
place_o1935;2024-06-25 11:06:57
place_o1936;2024-06-25 13:43:16
place_o1937;2024-06-25 16:55:53
place_o1938;2024-06-25 20:46:21
place_o1939;2024-06-26 09:43:25
place_o1940;2024-06-26 12:56:11
place_o1941;2024-06-26 16:21:43
place_o1942;2024-06-26 19:12:47
place_o1943;2024-06-27 05:10:15
place_o1944;2024-06-27 10:52:37
place_o1945;2024-06-27 14:14:36
place_o1946;2024-06-27 16:58:33
place_o1947;2024-06-27 20:54:21
place_o1948;2024-06-28 09:56:53
place_o1949;2024-06-28 13:23:07
place_o1950;2024-06-28 16:15:35
place_o1951;2024-06-28 19:00:32
place_o1952;2024-06-29 03:56:44
place_o1953;2024-06-29 11:31:46
place_o1954;2024-06-29 14:32:53
place_o1955;2024-06-29 17:35:07
place_o1956;2024-06-29 21:44:03
place_o1957;2024-06-30 11:56:49
place_o1958;2024-06-30 17:52:20
place_o1959;2024-07-01 09:01:23
place_o1960;2024-07-01 11:32:07
place_o1961;2024-07-01 14:33:35
place_o1962;2024-07-01 17:36:31
place_o1963;2024-07-01 21:48:16
place_o1964;2024-07-02 10:17:45
place_o1965;2024-07-02 13:04:51
place_o1966;2024-07-02 15:39:04
place_o1967;2024-07-02 18:47:29
place_o1968;2024-07-03 02:35:51
place_o1969;2024-07-03 11:02:47
place_o1970;2024-07-03 13:34:56
place_o1971;2024-07-03 16:39:13
place_o1972;2024-07-03 19:56:21
place_o1973;2024-07-04 09:03:25
place_o1974;2024-07-04 11:36:11
place_o1975;2024-07-04 14:41:43
place_o1976;2024-07-04 17:52:47
place_o1977;2024-07-04 22:37:04
place_o1978;2024-07-05 10:30:57
place_o1979;2024-07-05 13:31:15
place_o1980;2024-07-05 16:31:51
place_o1981;2024-07-05 19:34:16
place_o1982;2024-07-06 07:19:08
place_o1983;2024-07-06 11:14:24
place_o1984;2024-07-06 13:58:09
place_o1985;2024-07-06 17:25:40
place_o1986;2024-07-06 21:15:42
place_o1987;2024-07-07 11:00:06
place_o1988;2024-07-07 15:58:55
place_o1989;2024-07-07 23:54:10
place_o1990;2024-07-08 11:05:14
place_o1991;2024-07-08 13:39:49
place_o1992;2024-07-08 16:48:59
place_o1993;2024-07-08 20:25:39
place_o1994;2024-07-09 09:02:01
place_o1995;2024-07-09 11:33:23
place_o1996;2024-07-09 14:36:07
place_o1997;2024-07-09 17:41:36
place_o1998;2024-07-09 22:03:30
place_o1999;2024-07-10 09:40:36
place_o2000;2024-07-10 12:50:33
place_o2001;2024-07-10 16:10:28
place_o2002;2024-07-10 18:50:17
place_o2003;2024-07-11 03:06:39
place_o2004;2024-07-11 10:36:40
place_o2005;2024-07-11 13:42:41
place_o2006;2024-07-11 16:54:44
place_o2007;2024-07-11 20:42:54
place_o2008;2024-07-12 09:36:31
place_o2009;2024-07-12 12:42:23
place_o2010;2024-07-12 15:54:07
place_o2011;2024-07-12 19:17:35
place_o2012;2024-07-13 05:39:02
place_o2013;2024-07-13 11:24:18
place_o2014;2024-07-13 14:17:57
place_o2015;2024-07-13 17:05:15
place_o2016;2024-07-13 20:14:28
place_o2017;2024-07-14 09:57:38
place_o2018;2024-07-14 15:53:59
place_o2019;2024-07-14 23:39:22
place_o2020;2024-07-15 10:49:41
place_o2021;2024-07-15 14:08:43
place_o2022;2024-07-15 16:46:47
place_o2023;2024-07-15 20:19:04
place_o2024;2024-07-16 08:48:50
place_o2025;2024-07-16 12:12:36
place_o2026;2024-07-16 14:54:34
place_o2027;2024-07-16 18:18:29
place_o2028;2024-07-16 22:54:09
place_o2029;2024-07-17 10:56:35
place_o2030;2024-07-17 14:22:31
place_o2031;2024-07-17 17:14:24
place_o2032;2024-07-17 20:41:54
place_o2033;2024-07-18 09:34:30
place_o2034;2024-07-18 12:38:22
place_o2035;2024-07-18 15:46:05
place_o2036;2024-07-18 19:01:31
place_o2037;2024-07-19 04:02:38
place_o2038;2024-07-19 10:38:15
place_o2039;2024-07-19 13:45:52
place_o2040;2024-07-19 17:01:05
place_o2041;2024-07-19 20:01:57
place_o2042;2024-07-20 08:14:37
place_o2043;2024-07-20 11:21:16
place_o2044;2024-07-20 14:11:54
place_o2045;2024-07-20 16:53:09
place_o2046;2024-07-20 20:38:09
place_o2047;2024-07-21 10:45:01
place_o2048;2024-07-21 16:28:44
place_o2049;2024-07-22 02:15:56
place_o2050;2024-07-22 10:40:53
place_o2051;2024-07-22 13:51:08
place_o2052;2024-07-22 17:11:37
place_o2053;2024-07-22 20:33:33
place_o2054;2024-07-23 09:17:49
place_o2055;2024-07-23 12:04:59
place_o2056;2024-07-23 14:39:19
place_o2057;2024-07-23 17:47:59
place_o2058;2024-07-23 22:22:40
place_o2059;2024-07-24 10:09:21
place_o2060;2024-07-24 12:48:03
place_o2061;2024-07-24 16:05:27
place_o2062;2024-07-24 18:40:16
place_o2063;2024-07-25 01:16:28
place_o2064;2024-07-25 10:35:28
place_o2065;2024-07-25 13:40:17
place_o2066;2024-07-25 16:49:55
place_o2067;2024-07-25 20:28:28
place_o2068;2024-07-26 09:07:38
place_o2069;2024-07-26 11:44:37
place_o2070;2024-07-26 14:58:36
place_o2071;2024-07-26 18:26:33
place_o2072;2024-07-26 23:18:21
place_o2073;2024-07-27 10:25:33
place_o2074;2024-07-27 13:20:27
place_o2075;2024-07-27 16:10:15
place_o2076;2024-07-27 18:49:51
place_o2077;2024-07-28 05:13:56
place_o2078;2024-07-28 13:26:02
place_o2079;2024-07-28 18:50:46
place_o2080;2024-07-29 09:54:31
place_o2081;2024-07-29 13:18:23
place_o2082;2024-07-29 16:06:07
place_o2083;2024-07-29 18:41:35
place_o2084;2024-07-30 01:30:57
place_o2085;2024-07-30 10:51:24
place_o2086;2024-07-30 14:12:10
place_o2087;2024-07-30 16:53:41
place_o2088;2024-07-30 20:39:45
place_o2089;2024-07-31 09:30:13
place_o2090;2024-07-31 12:29:47
place_o2091;2024-07-31 15:28:55
place_o2092;2024-07-31 18:27:11
place_o2093;2024-07-31 23:20:16
place_o2094;2024-08-01 10:27:39
place_o2095;2024-08-01 13:24:39
place_o2096;2024-08-01 16:18:39
place_o2097;2024-08-01 19:06:39
place_o2098;2024-08-02 04:33:27
place_o2099;2024-08-02 11:12:08
place_o2100;2024-08-02 13:53:38
place_o2101;2024-08-02 17:16:37
place_o2102;2024-08-02 20:48:33
place_o2103;2024-08-03 09:47:49
place_o2104;2024-08-03 13:04:59
place_o2105;2024-08-03 15:39:19
place_o2106;2024-08-03 18:47:59
place_o2107;2024-08-04 04:34:44
place_o2108;2024-08-04 13:42:55
place_o2109;2024-08-04 19:24:32
place_o2110;2024-08-05 09:39:01
place_o2111;2024-08-05 12:47:24
place_o2112;2024-08-05 16:04:09
place_o2113;2024-08-05 18:37:39
place_o2114;2024-08-06 00:47:41
place_o2115;2024-08-06 11:03:49
place_o2116;2024-08-06 13:36:59
place_o2117;2024-08-06 16:43:19
place_o2118;2024-08-06 20:08:40
place_o2119;2024-08-07 08:28:02
place_o2120;2024-08-07 11:41:24
place_o2121;2024-08-07 14:52:09
place_o2122;2024-08-07 18:13:40
place_o2123;2024-08-07 22:39:42
place_o2124;2024-08-08 10:34:54
place_o2125;2024-08-08 13:39:10
place_o2126;2024-08-08 16:47:41
place_o2127;2024-08-08 20:21:45
place_o2128;2024-08-09 08:54:13
place_o2129;2024-08-09 12:20:40
place_o2130;2024-08-09 15:10:42
place_o2131;2024-08-09 17:50:45
place_o2132;2024-08-09 22:30:57
place_o2133;2024-08-10 10:21:47
place_o2134;2024-08-10 13:12:55
place_o2135;2024-08-10 15:55:11
place_o2136;2024-08-10 19:19:44
place_o2137;2024-08-11 08:56:37
place_o2138;2024-08-11 14:53:38
place_o2139;2024-08-11 21:38:18
place_o2140;2024-08-12 10:26:14
place_o2141;2024-08-12 13:21:49
place_o2142;2024-08-12 16:13:00
place_o2143;2024-08-12 18:55:21
place_o2144;2024-08-13 04:02:23
place_o2145;2024-08-13 10:37:59
place_o2146;2024-08-13 13:45:19
place_o2147;2024-08-13 16:59:59
place_o2148;2024-08-13 20:58:39
place_o2149;2024-08-14 10:03:20
place_o2150;2024-08-14 12:36:01
place_o2151;2024-08-14 15:41:24
place_o2152;2024-08-14 18:52:09
place_o2153;2024-08-15 03:27:11
place_o2154;2024-08-15 10:59:15
place_o2155;2024-08-15 14:27:52
place_o2156;2024-08-15 17:25:05
place_o2157;2024-08-15 21:13:57
place_o2158;2024-08-16 09:26:17
place_o2159;2024-08-16 12:21:55
place_o2160;2024-08-16 15:13:11
place_o2161;2024-08-16 17:55:44
place_o2162;2024-08-16 22:45:54
place_o2163;2024-08-17 10:44:12
place_o2164;2024-08-17 13:57:46
place_o2165;2024-08-17 17:24:53
place_o2166;2024-08-17 21:13:21
place_o2167;2024-08-18 10:55:25
place_o2168;2024-08-18 16:49:32
place_o2169;2024-08-19 04:20:44
place_o2170;2024-08-19 10:58:10
place_o2171;2024-08-19 14:25:41
place_o2172;2024-08-19 17:20:43
place_o2173;2024-08-19 21:00:52
place_o2174;2024-08-20 09:06:39
place_o2175;2024-08-20 11:42:39
place_o2176;2024-08-20 14:54:40
place_o2177;2024-08-20 18:18:41
place_o2178;2024-08-20 22:54:45
place_o2179;2024-08-21 10:57:29
place_o2180;2024-08-21 14:24:19
place_o2181;2024-08-21 17:17:59
place_o2182;2024-08-21 20:52:40
place_o2183;2024-08-22 09:54:21
place_o2184;2024-08-22 13:18:03
place_o2185;2024-08-22 16:05:28
place_o2186;2024-08-22 18:40:17
place_o2187;2024-08-23 01:16:39
place_o2188;2024-08-23 10:35:40
place_o2189;2024-08-23 13:40:41
place_o2190;2024-08-23 16:50:44
place_o2191;2024-08-23 20:30:54
place_o2192;2024-08-24 09:12:30
place_o2193;2024-08-24 11:54:22
place_o2194;2024-08-24 15:18:05
place_o2195;2024-08-24 18:05:31
place_o2196;2024-08-24 22:15:16
place_o2197;2024-08-25 11:59:14
place_o2198;2024-08-25 17:57:10
place_o2199;2024-08-26 09:11:03
place_o2200;2024-08-26 11:51:27
place_o2201;2024-08-26 15:12:15
place_o2202;2024-08-26 17:53:52
place_o2203;2024-08-26 22:40:18
place_o2204;2024-08-27 10:35:48
place_o2205;2024-08-27 13:40:57
place_o2206;2024-08-27 16:51:16
place_o2207;2024-08-27 20:32:30
place_o2208;2024-08-28 09:15:43
place_o2209;2024-08-28 12:00:47
place_o2210;2024-08-28 14:30:55
place_o2211;2024-08-28 17:31:11
place_o2212;2024-08-28 21:32:16
place_o2213;2024-08-29 09:53:45
place_o2214;2024-08-29 13:16:51
place_o2215;2024-08-29 16:03:03
place_o2216;2024-08-29 18:35:28
place_o2217;2024-08-30 00:23:40
place_o2218;2024-08-30 10:37:23
place_o2219;2024-08-30 13:44:07
place_o2220;2024-08-30 16:57:36
place_o2221;2024-08-30 20:51:30
place_o2222;2024-08-31 09:52:36
place_o2223;2024-08-31 13:14:33
place_o2224;2024-08-31 15:58:28
place_o2225;2024-08-31 19:26:17
place_o2226;2024-09-01 09:16:16
place_o2227;2024-09-01 14:31:14
place_o2228;2024-09-01 20:31:07
place_o2229;2024-09-02 10:02:15
place_o2230;2024-09-02 12:33:51
place_o2231;2024-09-02 15:37:04
place_o2232;2024-09-02 18:43:29
place_o2233;2024-09-03 01:51:51
place_o2234;2024-09-03 11:14:23
place_o2235;2024-09-03 13:58:08
place_o2236;2024-09-03 17:25:37
place_o2237;2024-09-03 21:15:33
place_o2238;2024-09-04 09:28:41
place_o2239;2024-09-04 12:26:43
place_o2240;2024-09-04 15:22:47
place_o2241;2024-09-04 18:14:56
place_o2242;2024-09-04 22:43:30
place_o2243;2024-09-05 10:40:36
place_o2244;2024-09-05 13:50:33
place_o2245;2024-09-05 17:10:28
place_o2246;2024-09-05 20:30:06
place_o2247;2024-09-06 09:10:55
place_o2248;2024-09-06 11:51:11
place_o2249;2024-09-06 15:11:43
place_o2250;2024-09-06 17:52:47
place_o2251;2024-09-06 22:37:04
place_o2252;2024-09-07 10:30:57
place_o2253;2024-09-07 13:31:15
place_o2254;2024-09-07 16:31:51
place_o2255;2024-09-07 19:34:16
place_o2256;2024-09-08 09:37:14
place_o2257;2024-09-08 15:13:11
place_o2258;2024-09-08 21:36:58
place_o2259;2024-09-09 10:24:33
place_o2260;2024-09-09 13:18:28
place_o2261;2024-09-09 16:06:17
place_o2262;2024-09-09 18:41:55
place_o2263;2024-09-10 01:34:37
place_o2264;2024-09-10 10:55:26
place_o2265;2024-09-10 14:20:13
place_o2266;2024-09-10 17:09:48
place_o2267;2024-09-10 20:28:06
place_o2268;2024-09-11 09:06:55
place_o2269;2024-09-11 11:43:11
place_o2270;2024-09-11 14:55:43
place_o2271;2024-09-11 18:20:47
place_o2272;2024-09-11 23:01:04
place_o2273;2024-09-12 10:06:31
place_o2274;2024-09-12 12:42:23
place_o2275;2024-09-12 15:54:08
place_o2276;2024-09-12 19:17:37
place_o2277;2024-09-13 05:39:14
place_o2278;2024-09-13 11:24:31
place_o2279;2024-09-13 14:18:23
place_o2280;2024-09-13 17:06:07
place_o2281;2024-09-13 20:17:04
place_o2282;2024-09-14 08:44:50
place_o2283;2024-09-14 12:06:36
place_o2284;2024-09-14 14:42:34
place_o2285;2024-09-14 17:54:29
place_o2286;2024-09-14 22:42:09
place_o2287;2024-09-15 12:53:01
place_o2288;2024-09-15 18:44:44
place_o2289;2024-09-16 09:45:27
place_o2290;2024-09-16 13:00:16
place_o2291;2024-09-16 15:29:53
place_o2292;2024-09-16 18:29:07
place_o2293;2024-09-16 23:26:03
place_o2294;2024-09-17 10:34:01
place_o2295;2024-09-17 13:37:23
place_o2296;2024-09-17 16:44:07
place_o2297;2024-09-17 20:11:04
place_o2298;2024-09-18 08:32:50
place_o2299;2024-09-18 11:48:37
place_o2300;2024-09-18 15:06:35
place_o2301;2024-09-18 17:42:31
place_o2302;2024-09-18 22:06:15
place_o2303;2024-09-19 09:44:44
place_o2304;2024-09-19 12:58:49
place_o2305;2024-09-19 16:27:00
place_o2306;2024-09-19 19:23:21
place_o2307;2024-09-20 06:13:38
place_o2308;2024-09-20 11:02:21
place_o2309;2024-09-20 13:34:03
place_o2310;2024-09-20 16:37:28
place_o2311;2024-09-20 19:51:06
place_o2312;2024-09-21 08:52:54
place_o2313;2024-09-21 12:18:43
place_o2314;2024-09-21 15:06:47
place_o2315;2024-09-21 17:42:55
place_o2316;2024-09-21 22:07:28
place_o2317;2024-09-22 11:43:38
place_o2318;2024-09-22 17:25:58
place_o2319;2024-09-23 06:59:21
place_o2320;2024-09-23 11:52:38
place_o2321;2024-09-23 15:14:37
place_o2322;2024-09-23 17:58:35
place_o2323;2024-09-23 22:54:28
place_o2324;2024-09-24 10:57:03
place_o2325;2024-09-24 14:23:27
place_o2326;2024-09-24 17:16:16
place_o2327;2024-09-24 20:47:30
place_o2328;2024-09-25 09:45:42
place_o2329;2024-09-25 13:00:46
place_o2330;2024-09-25 15:30:53
place_o2331;2024-09-25 18:31:07
place_o2332;2024-09-25 23:35:49
place_o2333;2024-09-26 10:44:45
place_o2334;2024-09-26 13:58:52
place_o2335;2024-09-26 17:27:05
place_o2336;2024-09-26 21:19:57
place_o2337;2024-09-27 09:35:17
place_o2338;2024-09-27 12:39:55
place_o2339;2024-09-27 15:49:12
place_o2340;2024-09-27 19:07:45
place_o2341;2024-09-28 04:40:02
place_o2342;2024-09-28 11:19:23
place_o2343;2024-09-28 14:08:08
place_o2344;2024-09-28 16:45:37
place_o2345;2024-09-28 20:15:33
place_o2346;2024-09-29 09:59:49
place_o2347;2024-09-29 15:58:20
place_o2348;2024-09-29 23:52:25
place_o2349;2024-09-30 11:03:24
place_o2350;2024-09-30 13:36:09
place_o2351;2024-09-30 16:41:39
place_o2352;2024-09-30 20:03:39
place_o2353;2024-10-01 08:18:01
place_o2354;2024-10-01 11:26:23
place_o2355;2024-10-01 14:22:07
place_o2356;2024-10-01 17:13:35
place_o2357;2024-10-01 20:39:28
place_o2358;2024-10-02 09:29:38
place_o2359;2024-10-02 12:28:37
place_o2360;2024-10-02 15:26:35
place_o2361;2024-10-02 18:22:32
place_o2362;2024-10-02 23:06:18
place_o2363;2024-10-03 10:12:17
place_o2364;2024-10-03 12:53:55
place_o2365;2024-10-03 16:17:12
place_o2366;2024-10-03 19:03:45
place_o2367;2024-10-04 04:16:02
place_o2368;2024-10-04 10:52:59
place_o2369;2024-10-04 14:15:20
place_o2370;2024-10-04 17:00:01
place_o2371;2024-10-04 19:58:45
place_o2372;2024-10-05 09:08:13
place_o2373;2024-10-05 11:45:47
place_o2374;2024-10-05 15:00:55
place_o2375;2024-10-05 17:31:11
place_o2376;2024-10-05 21:32:16
place_o2377;2024-10-06 11:33:14
place_o2378;2024-10-06 17:05:11
place_o2379;2024-10-07 04:54:38
place_o2380;2024-10-07 11:35:27
place_o2381;2024-10-07 14:40:15
place_o2382;2024-10-07 17:49:52
place_o2383;2024-10-07 22:28:18
place_o2384;2024-10-08 10:17:48
place_o2385;2024-10-08 13:04:57
place_o2386;2024-10-08 15:39:16
place_o2387;2024-10-08 18:47:53
place_o2388;2024-10-09 02:40:15
place_o2389;2024-10-09 11:07:38
place_o2390;2024-10-09 13:44:37
place_o2391;2024-10-09 16:58:35
place_o2392;2024-10-09 20:54:28
place_o2393;2024-10-10 09:57:03
place_o2394;2024-10-10 13:23:27
place_o2395;2024-10-10 16:16:15
place_o2396;2024-10-10 19:01:52
place_o2397;2024-10-11 04:04:44
place_o2398;2024-10-11 10:40:33
place_o2399;2024-10-11 13:50:28
place_o2400;2024-10-11 17:10:17
place_o2401;2024-10-11 20:29:33
place_o2402;2024-10-12 09:09:49
place_o2403;2024-10-12 11:48:59
place_o2404;2024-10-12 15:07:19
place_o2405;2024-10-12 17:43:59
place_o2406;2024-10-12 22:10:40
place_o2407;2024-10-13 11:50:02
place_o2408;2024-10-13 17:38:47
place_o2409;2024-10-14 08:16:14
place_o2410;2024-10-14 11:23:42
place_o2411;2024-10-14 14:16:45
place_o2412;2024-10-14 17:02:52
place_o2413;2024-10-14 20:07:18
place_o2414;2024-10-15 08:25:19
place_o2415;2024-10-15 11:37:19
place_o2416;2024-10-15 14:44:00
place_o2417;2024-10-15 17:57:21
place_o2418;2024-10-15 22:50:45
place_o2419;2024-10-16 10:51:29
place_o2420;2024-10-16 14:12:19
place_o2421;2024-10-16 16:53:59
place_o2422;2024-10-16 20:40:40
place_o2423;2024-10-17 09:32:02
place_o2424;2024-10-17 12:33:25
place_o2425;2024-10-17 15:36:12
place_o2426;2024-10-17 18:41:45
place_o2427;2024-10-18 01:32:47
place_o2428;2024-10-18 10:53:25
place_o2429;2024-10-18 14:16:11
place_o2430;2024-10-18 17:01:44
place_o2431;2024-10-18 20:03:54
place_o2432;2024-10-19 08:18:30
place_o2433;2024-10-19 11:27:07
place_o2434;2024-10-19 14:23:35
place_o2435;2024-10-19 17:16:31
place_o2436;2024-10-19 20:48:16
place_o2437;2024-10-20 11:05:14
place_o2438;2024-10-20 16:09:10
place_o2439;2024-10-21 00:18:33
place_o2440;2024-10-21 10:31:45
place_o2441;2024-10-21 13:32:51
place_o2442;2024-10-21 16:35:04
place_o2443;2024-10-21 19:43:54
place_o2444;2024-10-22 08:16:56
place_o2445;2024-10-22 11:24:46
place_o2446;2024-10-22 14:18:53
place_o2447;2024-10-22 17:07:07
place_o2448;2024-10-22 20:20:03
place_o2449;2024-10-23 08:50:49
place_o2450;2024-10-23 12:15:35
place_o2451;2024-10-23 15:00:31
place_o2452;2024-10-23 17:30:23
place_o2453;2024-10-23 21:29:52
place_o2454;2024-10-24 09:50:09
place_o2455;2024-10-24 13:09:39
place_o2456;2024-10-24 15:48:39
place_o2457;2024-10-24 19:06:39
place_o2458;2024-10-25 04:33:27
place_o2459;2024-10-25 11:12:09
place_o2460;2024-10-25 13:53:39
place_o2461;2024-10-25 17:16:39
place_o2462;2024-10-25 20:48:39
place_o2463;2024-10-26 09:48:01
place_o2464;2024-10-26 13:05:23
place_o2465;2024-10-26 15:40:07
place_o2466;2024-10-26 18:49:36
place_o2467;2024-10-27 04:08:40
place_o2468;2024-10-27 13:14:14
place_o2469;2024-10-27 18:27:11
place_o2470;2024-10-28 09:11:04
place_o2471;2024-10-28 11:51:30
place_o2472;2024-10-28 15:12:21
place_o2473;2024-10-28 17:54:03
place_o2474;2024-10-28 22:40:51
place_o2475;2024-10-29 10:36:38
place_o2476;2024-10-29 13:42:37
place_o2477;2024-10-29 16:54:36
place_o2478;2024-10-29 20:42:30
place_o2479;2024-10-30 09:35:43
place_o2480;2024-10-30 12:40:47
place_o2481;2024-10-30 15:50:55
place_o2482;2024-10-30 19:11:11
place_o2483;2024-10-31 05:00:38
place_o2484;2024-10-31 10:42:03
place_o2485;2024-10-31 13:53:28
place_o2486;2024-10-31 17:16:17
place_o2487;2024-10-31 20:47:33
place_o2488;2024-11-01 09:45:49
place_o2489;2024-11-01 13:00:59
place_o2490;2024-11-01 15:31:19
place_o2491;2024-11-01 18:31:59
place_o2492;2024-11-01 23:45:22
place_o2493;2024-11-02 10:55:15
place_o2494;2024-11-02 14:19:51
place_o2495;2024-11-02 17:09:04
place_o2496;2024-11-02 20:25:54
place_o2497;2024-11-03 10:20:30
place_o2498;2024-11-03 15:39:43
place_o2499;2024-11-03 22:56:34
place_o2500;2024-11-04 11:04:04
